lsoa11name,WIMD ,Income ,Employment ,Health ,Education ,Access to Services ,Community Safety ,Physical Environment ,Housing 
Holyhead Town ,1,1,1,1,1,4,1,4,2
London Road ,1,1,1,2,2,3,1,5,3
Maeshyfryd ,1,1,1,1,1,3,2,5,3
Morawelon ,1,1,1,1,1,2,1,5,5
Porthyfelin 1 ,1,1,1,2,1,3,1,5,3
Tudur ,1,1,1,2,1,1,1,5,4
Amlwch Port ,2,2,2,2,2,3,2,5,3
Llannerch-y-medd ,2,3,3,3,3,1,5,4,1
Kingsland ,2,1,2,2,1,3,1,5,3
Rhosyr ,2,3,3,3,2,1,4,5,2
Amlwch Rural ,3,3,3,4,3,1,4,5,4
Llanbadrig ,3,2,3,4,3,4,4,5,3
Mechell ,3,3,3,4,4,1,5,5,1
Porthyfelin 2 ,3,2,2,3,2,4,3,5,5
Llanfaethlu ,3,3,4,3,3,1,4,5,1
Valley 1 ,3,2,3,3,2,4,3,2,5
Aberffraw & Rhosneigr 1 ,3,3,2,4,3,1,3,5,3
Bryngwran ,3,3,3,3,3,1,4,5,1
Llanfair-yn-Neubwll 1 ,3,3,4,2,3,1,4,5,3
Llanfair-yn-Neubwll 2 ,3,3,4,4,3,1,3,5,2
Llaneilian ,3,3,3,4,4,1,5,5,2
Moelfre ,3,3,3,4,3,1,5,5,3
Beaumaris ,3,3,4,4,1,4,3,4,3
Llangoed ,3,3,3,3,3,1,5,5,3
Pentraeth ,3,3,4,4,4,1,4,5,1
Bodffordd ,3,4,3,4,4,1,4,5,2
Bodorgan ,3,4,4,4,4,1,4,5,1
Llanidan ,3,3,4,3,3,1,4,5,1
Parc a'r Mynydd ,4,3,3,4,3,2,2,5,5
Trearddur 1 ,4,4,5,4,5,1,4,3,4
Trearddur 2 ,4,4,4,4,5,1,3,4,3
Aberffraw & Rhosneigr 2 ,4,3,4,4,5,2,5,5,1
Llanddyfnan ,4,5,4,5,5,1,5,5,2
Llanbedrgoch ,4,4,3,4,2,3,4,3,4
Cefni ,4,4,4,3,4,5,2,5,5
Cyngar ,4,3,3,3,4,4,2,5,5
Cadnant (Isle of Anglesey) ,4,4,4,5,5,5,1,5,1
Tysilio ,4,4,4,4,4,3,3,5,4
Llanfihangel Ysgeifiog ,4,4,4,4,4,2,3,4,3
Valley 2 ,5,5,4,4,5,3,5,4,5
Brynteg ,5,4,4,5,4,4,5,5,4
Cwm Cadnant ,5,5,5,5,5,2,5,5,5
Braint ,5,5,5,5,5,5,5,5,4
Gwyngyll ,5,4,4,3,5,5,5,4,5
Marchog 2 ,1,1,1,1,1,2,1,5,4
Marchog 1 ,1,1,2,1,1,1,2,5,3
Cadnant (Gwynedd) ,1,1,1,2,2,2,1,5,2
Peblig (Caernarfon) ,1,1,1,1,1,1,1,5,2
Hendre (Gwynedd) ,2,3,3,2,2,2,1,5,1
Deiniolen ,2,2,3,3,4,1,2,4,1
Seiont 2 ,2,2,2,3,2,2,1,5,2
Llanllyfni & Clynnog ,2,3,4,4,4,1,3,4,1
Talysarn ,2,2,3,3,3,1,3,4,1
Bowydd and Rhiw ,2,2,2,2,2,2,1,4,1
Diffwys and Maenofferen ,2,2,2,3,2,4,2,3,1
Llangelynin ,2,3,2,3,3,1,4,3,2
Tywyn 2 ,2,2,2,2,2,3,4,2,3
Deiniol ,3,4,5,3,3,1,1,4,1
Hirael & Garth 1 ,3,4,4,5,2,4,1,5,1
Hirael & Garth 2 ,3,3,4,3,3,3,2,1,1
Dewi ,3,3,3,3,4,3,2,4,2
Arllechwedd ,3,3,3,4,4,1,2,3,1
Gerlan ,3,3,3,3,4,2,4,5,1
Ogwen 1 ,3,2,3,3,3,2,2,4,3
Ogwen 2 ,3,2,2,3,4,4,2,4,2
Pentir 2 ,3,3,3,4,4,1,3,5,3
Llanwnda ,3,3,4,4,4,1,4,3,2
Waunfawr ,3,3,4,4,4,1,3,1,1
Penygroes (Gwynedd) ,3,2,3,3,4,5,3,5,3
Teigl ,3,3,3,3,3,1,3,5,3
Trawsfynydd ,3,4,4,4,3,1,4,5,1
Llanbedr ,3,4,4,4,3,1,5,4,1
Corris/Mawddwy ,3,4,4,4,4,1,5,3,1
Llandderfel & Llanuwchllyn 1 ,3,4,4,4,4,1,5,4,1
Abermaw 1 ,3,3,3,3,2,1,3,4,4
Abermaw 2 ,3,3,3,5,2,4,2,5,1
Brithdir and Llanfachreth/Ganllwyd/Llanelltyd ,3,4,4,5,4,1,5,4,1
Dolbenmaen ,3,4,4,4,5,1,5,3,1
Porthmadog East ,3,4,4,3,2,5,3,2,1
Porthmadog - Tremadog ,3,3,4,4,4,1,4,3,2
Llanaelhaearn ,3,2,3,4,3,1,4,5,1
Llanystumdwy ,3,4,5,4,4,1,4,4,1
Pwllheli North ,3,3,3,3,3,4,2,4,2
Pwllheli South ,3,2,3,3,3,4,3,3,3
Aberdaron / Botwnnog & Tudweiliog ,3,4,5,5,5,1,5,5,1
Glyder ,4,4,4,5,5,3,4,5,2
Tregarth & Mynydd Llandygai ,4,4,4,5,5,1,3,4,1
Llanberis ,4,3,4,4,5,2,2,4,2
Penisarwaun ,4,4,4,4,5,1,4,5,3
Bethel & Cwm-y-Glo 2 ,4,5,5,5,5,1,4,4,1
Menai (Caernarfon) ,4,4,3,4,5,4,1,5,3
Seiont 1 ,4,3,3,3,3,2,4,5,5
Bontnewydd ,4,4,4,4,4,1,2,4,3
Groeslon ,4,4,4,4,4,1,5,4,2
Dyffryn Ardudwy ,4,4,4,4,3,1,5,4,4
Harlech ,4,3,4,4,4,1,5,4,3
Penrhyndeudraeth 2 ,4,4,4,3,3,3,4,5,2
Bala ,4,3,3,3,3,4,3,3,4
Llandderfel & Llanuwchllyn 2 ,4,5,5,5,5,1,4,5,1
Dolgellau North ,4,4,3,4,4,2,2,3,3
Dolgellau South ,4,3,3,3,3,4,3,5,3
Tywyn 1 ,4,4,4,4,4,2,4,5,4
Aberdovey / Bryn-crug / Llanfihangel ,4,4,5,5,4,1,5,3,2
Penrhyndeudraeth 1 ,4,4,5,5,4,1,5,5,2
Abererch ,4,4,4,4,4,1,5,4,2
Efail-newydd/Buan ,4,4,4,5,4,1,5,4,1
Nefyn ,4,3,4,4,4,4,4,5,3
Llanbedrog & Abersoch ,4,3,4,5,4,1,4,5,2
Llanengan ,4,5,5,5,4,1,5,5,1
Menai (Bangor) ,5,5,5,5,5,3,3,5,1
Pentir 1 ,5,5,5,4,5,3,2,5,4
Bethel & Cwm-y-Glo 1 ,5,5,5,4,4,2,5,5,3
Llanrug ,5,4,5,3,5,5,4,5,4
Y Felinheli ,5,4,4,4,5,3,4,5,2
Porthmadog West ,5,5,5,5,5,3,2,5,4
Criccieth ,5,3,4,4,4,5,5,5,4
Morfa Nefyn ,5,4,4,5,5,3,4,5,3
Tudno 1 ,1,2,2,1,1,2,1,2,3
Tudno 2 ,1,1,1,1,1,2,1,4,3
Glyn (Conwy) 2 ,1,1,1,1,1,3,1,5,1
Rhiw 3 ,1,1,1,2,2,4,1,5,2
Kinmel Bay 1 ,1,1,1,1,1,4,1,2,3
Colwyn 2 ,1,1,1,1,2,3,2,5,3
Llysfaen 1 ,1,1,1,2,1,1,2,5,1
Pentre Mawr 1 ,1,1,1,1,2,3,1,3,2
Abergele Pensarn 2 ,1,1,1,1,2,2,1,2,3
Craig-y-Don 1 ,2,2,1,3,3,5,2,3,3
Gogarth 1 ,2,2,2,3,4,3,1,4,1
Mostyn (Conwy) 2 ,2,2,2,2,3,2,1,2,1
Mostyn (Conwy) 1 ,2,2,2,3,2,3,2,3,2
Llandrillo yn Rhos 4 ,2,2,2,3,3,3,2,3,3
Glyn (Conwy) 1 ,2,2,2,2,2,3,2,5,1
Eirias 1 ,2,2,1,2,3,2,2,5,4
Mochdre ,2,2,2,2,1,4,2,4,2
Pensarn 1 ,2,2,3,2,2,5,2,4,2
Kinmel Bay 3 ,2,2,2,2,2,2,2,2,4
Kinmel Bay 4 ,2,2,2,2,2,4,3,2,5
Towyn ,2,2,2,1,2,3,1,1,4
Gele 1 ,2,2,2,4,2,2,2,5,2
Conwy 1 ,2,2,2,3,3,3,2,2,5
Pant-yr-afon/Penmaenan 2 ,2,2,2,2,2,2,1,5,2
Gogarth 2 ,3,3,3,4,4,2,3,3,3
Marl 2 ,3,3,4,3,2,2,3,4,3
Glyn (Conwy) 3 ,3,2,2,3,3,3,2,4,4
Kinmel Bay 2 ,3,2,3,3,2,2,3,1,5
Abergele Pensarn 1 ,3,2,3,3,3,2,3,2,5
Bryn ,3,3,2,3,4,3,2,2,2
Pant-yr-afon/Penmaenan 1 ,3,2,2,4,4,4,3,2,4
Betws yn Rhos ,3,4,4,5,4,1,4,3,1
Llangernyw ,3,4,5,4,4,1,5,5,1
Llansannan ,3,4,4,5,4,1,5,5,1
Crwst ,3,3,3,4,3,2,4,3,3
Uwch Conwy ,3,4,4,5,4,1,5,4,1
Tudno 3 ,4,4,4,4,4,3,3,4,5
Llandrillo yn Rhos 3 ,4,3,3,4,5,4,3,4,5
Llandrillo yn Rhos 5 ,4,4,3,4,4,4,3,5,5
Rhiw 4 ,4,3,3,4,4,5,2,5,2
Pensarn 2 ,4,3,4,4,3,2,3,5,3
Llansanffraid ,4,5,5,4,3,1,4,5,4
Colwyn 1 ,4,3,4,4,4,5,2,5,3
Colwyn 3 ,4,3,3,3,5,5,2,5,3
Llanddulas ,4,4,3,3,3,2,3,5,4
Llysfaen 2 ,4,3,4,4,2,4,4,5,2
Caerhun ,4,4,4,5,4,1,5,5,1
Capelulo ,4,3,4,4,4,2,4,4,3
Pandy ,4,4,4,4,4,3,3,5,3
Uwchaled ,4,4,5,5,5,1,5,5,1
Betws-y-Coed ,4,4,5,5,4,1,3,3,1
Eglwysbach ,4,5,5,5,5,1,5,4,1
Gower (Conwy) ,4,3,4,3,3,3,4,4,3
Trefriw ,4,3,4,4,3,1,5,4,3
Craig-y-Don 2 ,5,4,5,5,4,4,4,4,5
Llandrillo yn Rhos 1 ,5,5,5,4,5,4,4,5,5
Penrhyn 1 ,5,5,5,5,5,1,4,5,3
Penrhyn 2 ,5,5,5,5,4,5,5,5,4
Penrhyn 3 ,5,5,5,5,4,4,5,5,5
Llandrillo yn Rhos 2 ,5,4,3,4,5,5,3,5,4
Deganwy 1 ,5,5,4,5,5,5,5,5,5
Deganwy 2 ,5,4,4,5,3,4,4,5,4
Marl 1 ,5,5,5,5,5,4,4,5,5
Eirias 2 ,5,4,4,4,4,5,1,5,4
Rhiw 1 ,5,5,4,5,5,4,4,5,5
Rhiw 2 ,5,5,5,5,5,5,5,5,5
Gele 2 ,5,4,4,4,4,3,4,5,5
Gele 3 ,5,5,5,4,5,3,5,5,5
Pentre Mawr 2 ,5,4,4,4,4,4,4,4,4
Conwy 2 ,5,4,4,5,5,5,2,4,4
Conwy 3 ,5,4,5,5,3,3,4,5,5
Rhyl East 1 ,1,1,2,1,1,3,3,2,3
Rhyl East 3 ,1,1,1,1,2,3,1,5,2
Rhyl West 1 ,1,1,1,1,1,1,1,3,1
Rhyl West 2 ,1,1,1,1,1,1,1,3,1
Rhyl West 3 ,1,1,1,1,1,3,1,3,1
Rhyl South West 1 ,1,1,1,1,1,2,1,1,1
Rhyl South West 2 ,1,1,1,1,1,1,1,1,1
Rhyl South East 4 ,1,1,1,1,1,2,2,5,4
Denbigh Upper/Henllan 1 ,1,1,1,1,1,2,2,4,3
Prestatyn North 1 ,2,2,2,2,2,3,2,2,3
Prestatyn Central 2 ,2,1,1,2,1,3,2,5,2
Prestatyn East 1 ,2,2,2,1,2,3,1,2,1
Prestatyn East 3 ,2,2,2,2,3,4,1,3,3
Prestatyn South West 1 ,2,2,2,2,2,3,4,3,4
Rhyl South West 3 ,2,2,2,2,2,4,2,4,1
Rhyl South 1 ,2,2,1,2,2,2,4,4,4
Denbigh Central ,2,2,1,2,3,5,1,5,1
Denbigh Upper/Henllan 2 ,2,2,2,3,2,1,1,4,1
Corwen 2 ,2,3,3,3,2,1,3,1,2
Llangollen 1 ,2,4,3,3,4,1,1,3,1
Prestatyn North 2 ,3,2,3,2,3,3,3,2,3
Prestatyn North 3 ,3,3,2,2,2,3,3,2,4
Prestatyn South West 2 ,3,3,3,3,3,3,4,4,4
Dyserth 2 ,3,2,2,2,3,4,3,4,3
Prestatyn Meliden ,3,2,3,3,2,5,4,5,2
St. Asaph West ,3,3,3,2,2,5,4,3,4
Trefnant ,3,4,3,3,4,1,4,3,3
Rhyl East 2 ,3,2,3,3,3,4,4,3,3
Bodelwyddan ,3,3,3,3,3,3,1,5,3
Rhyl South East 1 ,3,2,2,2,2,4,3,5,3
Rhyl South East 3 ,3,2,3,2,3,5,3,5,3
Llanrhaeadr-yng-Nghinmeirch ,3,5,5,5,5,1,5,5,1
Ruthin 1 ,3,3,3,3,3,3,3,3,3
Corwen 1 ,3,4,3,4,4,1,3,3,1
Llangollen 2 ,3,3,4,4,3,1,3,5,3
Dyserth 1 ,4,4,4,4,3,5,4,5,2
Tremeirchion ,4,5,5,5,5,1,4,5,1
Rhuddlan 1 ,4,4,4,3,4,3,1,3,5
Rhuddlan 2 ,4,3,4,3,3,5,4,5,3
Rhuddlan 3 ,4,3,3,3,3,5,3,4,4
Rhyl South 2 ,4,3,3,3,3,4,4,4,4
Rhyl South East 2 ,4,2,3,2,4,5,4,5,5
Rhyl South East 5 ,4,4,3,3,4,5,4,2,5
Llanarmon-yn-Ial/Llandegla ,4,5,5,5,5,1,5,5,2
Llandyrnog ,4,5,4,4,5,1,5,5,1
Ruthin 2 ,4,3,4,4,4,5,3,4,3
Efenechtyd ,4,5,5,5,5,1,5,5,1
Llanfair Dyffryn Clwyd/Gwyddelwern ,4,5,5,5,4,1,5,4,1
Llandrillo ,4,4,5,4,3,1,4,3,2
Llangollen 3 ,4,4,4,4,4,1,3,5,3
Prestatyn East 2 ,5,5,4,5,5,4,5,5,4
Prestatyn Central 1 ,5,4,4,4,4,5,4,5,5
St. Asaph East ,5,4,4,4,4,5,3,5,4
Denbigh Lower 1 ,5,5,5,5,5,5,5,4,5
Denbigh Lower 2 ,5,5,5,4,4,5,4,5,3
Denbigh Lower 3 ,5,4,4,4,4,3,5,4,4
Llanbedr Dyffryn Clwyd/Llangynhafal ,5,5,5,5,5,1,5,5,2
Ruthin 3 ,5,5,5,5,5,5,5,5,5
Greenfield 1 ,1,1,1,1,1,3,2,5,2
Holywell Central ,1,1,1,1,1,4,1,5,2
Flint Castle ,1,1,2,1,1,3,1,3,2
Flint Coleshill 2 ,1,1,1,1,1,2,1,4,3
Connah's Quay Central 2 ,1,1,1,1,1,3,1,2,2
Connah's Quay Golftyn 4 ,1,1,1,1,1,3,2,3,2
Sealand 2 ,1,1,1,1,1,3,1,1,2
Shotton Higher 1 ,1,1,2,1,1,3,2,4,3
Shotton Higher 2 ,1,1,1,1,1,2,1,2,1
Mold West 1 ,1,1,2,1,1,3,2,5,4
Ffynnongroyw ,2,2,2,2,2,1,1,3,1
Gronant ,2,2,2,2,2,1,4,4,2
Holywell West ,2,2,2,3,2,4,1,5,5
Mostyn (Flintshire) ,2,2,2,2,1,1,2,5,3
Bagillt West ,2,2,3,2,2,3,2,2,2
Flint Oakenholt 1 ,2,2,3,1,1,3,2,4,2
Flint Oakenholt 2 ,2,3,3,2,2,1,2,2,1
Connah's Quay Central 1 ,2,2,3,3,1,5,2,3,2
Sealand 1 ,2,3,3,2,2,1,1,1,1
Queensferry ,2,2,3,2,1,3,1,1,1
Saltney Mold Junction ,2,2,3,2,1,2,2,2,1
Buckley Bistre West 2 ,2,2,2,2,1,4,2,5,3
Buckley Bistre West 3 ,2,1,2,2,2,2,2,5,4
Mold Broncoed 2 ,2,2,2,3,2,5,1,3,2
Trelawnyd and Gwaenysgor ,3,3,3,4,3,1,4,5,3
Bagillt East ,3,3,4,3,2,2,3,4,3
Holywell East ,3,3,3,3,2,4,3,5,3
Shotton East ,3,3,3,3,2,5,3,2,1
Shotton West ,3,4,3,3,2,5,2,3,1
Mancot 2 ,3,3,3,3,2,4,4,1,2
Saltney Stonebridge 1 ,3,2,3,3,1,4,3,2,3
Buckley Bistre East 1 ,3,2,3,2,3,3,2,4,4
Mold West 2 ,3,3,2,4,2,4,2,5,4
Treuddyn ,3,4,4,4,3,1,4,5,1
Brynford ,4,4,4,4,3,1,4,5,3
Caerwys 2 ,4,4,4,4,4,2,4,5,1
Halkyn ,4,5,4,4,4,1,4,5,1
Buckley Mountain 2 ,4,5,5,4,4,2,3,2,4
Greenfield 2 ,4,3,3,2,3,5,4,5,4
Flint Coleshill 3 ,4,3,3,3,3,2,4,5,5
Flint Trelawny 2 ,4,4,4,3,4,5,4,4,2
Aston 2 ,4,5,4,4,3,3,4,3,4
Connah's Quay Golftyn 1 ,4,4,4,4,3,5,2,3,3
Connah's Quay South 1 ,4,4,4,3,3,4,4,5,3
Connah's Quay South 3 ,4,4,4,4,3,5,4,5,4
Connah's Quay Wepre ,4,4,4,3,2,5,2,3,2
Mancot 1 ,4,3,4,3,3,3,3,4,3
Aston 1 ,4,3,3,3,3,5,3,4,4
Broughton North East ,4,4,5,4,3,4,2,2,3
Broughton South 1 ,4,3,4,4,3,5,4,4,5
Saltney Stonebridge 2 ,4,4,5,3,2,4,3,1,2
New Brighton 2 ,4,4,3,4,3,5,5,5,5
Mold Broncoed 1 ,4,3,4,4,2,4,3,3,3
Mold East ,4,3,3,3,3,4,1,3,4
Leeswood ,4,3,4,3,3,2,4,3,2
Caergwrle ,4,3,3,3,3,5,4,5,2
Hope 2 ,4,3,4,4,3,2,3,5,2
Llanfynydd ,4,5,5,4,4,1,4,4,2
Whitford ,5,5,5,5,4,2,5,5,3
Caerwys 1 ,5,5,5,5,5,1,5,5,2
Cilcain ,5,5,5,5,5,1,5,3,3
Buckley Mountain 1 ,5,4,5,4,4,5,3,5,5
Northop 1 ,5,5,5,5,5,1,5,4,5
Northop 2 ,5,5,5,5,5,4,5,5,5
Flint Coleshill 1 ,5,4,5,4,4,3,3,5,5
Flint Trelawny 1 ,5,5,5,4,4,3,4,5,4
Connah's Quay South 2 ,5,4,4,4,4,3,5,5,5
Connah's Quay South 4 ,5,5,5,5,4,5,5,5,5
Northop Hall ,5,5,5,4,5,3,5,5,5
Connah's Quay Golftyn 2 ,5,4,5,4,3,5,4,4,4
Connah's Quay Golftyn 3 ,5,4,5,4,3,5,3,5,5
Buckley Pentrobin 3 ,5,5,5,5,5,5,4,4,5
Ewloe 1 ,5,5,5,5,5,4,5,3,5
Ewloe 2 ,5,5,5,5,5,5,3,3,5
Ewloe 3 ,5,5,5,5,5,5,4,2,5
Hawarden ,5,5,5,5,5,5,5,5,5
Broughton South 2 ,5,5,5,5,5,5,5,2,5
Buckley Bistre East 2 ,5,4,4,4,4,5,4,5,4
Buckley Pentrobin 1 ,5,5,5,4,3,4,3,4,3
Buckley Pentrobin 2 ,5,4,4,4,4,4,4,5,4
Higher Kinnerton ,5,5,5,5,5,3,5,5,5
Penyffordd 1 ,5,5,5,4,5,5,5,2,5
Penyffordd 2 ,5,5,5,5,5,5,4,5,2
Argoed (Flintshire) 1 ,5,5,5,5,5,5,4,4,5
Argoed (Flintshire) 2 ,5,5,5,4,3,5,5,5,4
Buckley Bistre West 1 ,5,4,4,4,3,5,5,5,4
New Brighton 1 ,5,5,5,5,5,5,5,5,5
Mold South 1 ,5,5,5,5,5,5,5,5,5
Mold South 2 ,5,5,5,5,5,5,5,5,5
Gwernaffield ,5,5,5,5,5,1,5,5,4
Gwernymynydd ,5,5,5,5,5,2,5,5,3
Hope 1 ,5,5,5,5,5,4,3,5,4
Gwersyllt North 2 ,1,1,2,1,1,3,1,5,3
Gwersyllt West 1 ,1,1,1,1,1,2,1,5,3
Cartrefle 2 ,1,1,1,1,1,3,1,4,2
Queensway 1 ,1,1,1,1,1,1,1,3,2
Queensway 2 ,1,1,1,1,1,2,1,5,3
Wynnstay ,1,1,1,1,1,2,1,5,3
Hermitage 2 ,1,1,1,1,1,3,1,5,4
Smithfield 3 ,1,1,1,1,1,3,1,3,1
Penycae ,1,1,2,2,1,2,2,5,2
Plas Madoc ,1,1,1,1,1,2,1,4,4
Gwersyllt East and South 1 ,2,2,2,2,1,3,2,5,3
Llay 3 ,2,2,2,1,1,3,2,5,3
Gwenfro ,2,1,2,2,1,4,2,5,2
New Broughton 2 ,2,2,3,3,2,4,1,5,3
Grosvenor 2 ,2,2,2,1,3,3,1,5,1
Acton 2 ,2,1,2,2,2,3,2,4,3
Cartrefle 1 ,2,2,2,1,2,3,1,3,4
Brynyffynnon 2 ,2,3,3,2,1,2,1,3,1
Offa ,2,3,3,3,3,3,1,5,1
Hermitage 1 ,2,2,2,2,2,2,2,5,1
Whitegate 1 ,2,2,3,2,1,2,1,5,3
Smithfield 2 ,2,2,2,3,1,2,1,2,1
Brymbo 2 ,2,2,2,2,2,3,2,5,2
Coedpoeth 1 ,2,1,2,2,1,4,1,5,2
Johnstown 2 ,2,2,2,1,2,4,2,5,4
Pant ,2,1,2,2,1,4,1,5,1
Ponciau 2 ,2,2,2,2,1,3,1,5,4
Ruabon 1 ,2,2,3,2,3,2,2,3,4
Cefn 2 ,2,2,2,2,2,3,2,5,2
Cefn 3 ,2,2,2,1,1,2,3,2,3
Chirk North 2 ,2,3,3,2,1,3,4,2,3
Bryn Cefn ,3,3,3,3,2,4,2,5,3
New Broughton 1 ,3,2,3,2,3,3,2,5,4
Grosvenor 1 ,3,3,3,3,4,5,2,5,1
Acton 1 ,3,3,3,3,2,3,1,5,3
Maesydre ,3,3,3,3,2,5,1,5,3
Brynyffynnon 1 ,3,3,3,3,3,3,1,5,5
Whitegate 2 ,3,3,3,3,2,4,1,5,2
Minera 1 ,3,4,4,3,3,1,4,5,2
Penycae and Ruabon South 2 ,3,2,3,3,2,2,3,5,4
Esclusham 1 ,3,3,3,2,2,4,3,5,2
Ponciau 1 ,3,3,3,3,3,5,2,5,2
Ponciau 3 ,3,3,3,3,3,2,2,4,2
Ruabon 2 ,3,3,3,3,3,5,1,4,2
Chirk South ,3,3,3,3,2,3,3,3,2
Ceiriog Valley 3 ,3,4,4,4,3,1,4,4,2
Llay 2 ,4,4,4,3,3,4,3,5,4
Gwersyllt North 1 ,4,4,4,3,3,4,3,5,3
Gwersyllt West 2 ,4,4,3,1,4,5,5,4,5
Holt 1 ,4,5,5,5,4,1,1,4,4
Llay 1 ,4,4,4,3,4,2,3,5,5
Rossett 2 ,4,4,4,5,4,1,5,3,4
Stansty ,4,4,3,3,3,4,3,4,4
Erddig ,4,4,4,4,3,3,3,5,2
Brymbo 1 ,4,4,5,4,3,3,3,5,3
Coedpoeth 2 ,4,3,3,3,4,5,4,5,4
Coedpoeth 3 ,4,4,3,3,3,5,1,5,1
Marchwiel 1 ,4,5,5,5,4,1,2,4,3
Marchwiel 2 ,4,3,4,2,4,3,4,5,4
Cefn 1 ,4,4,3,3,2,3,3,5,3
Llangollen Rural ,4,4,4,4,4,1,4,5,3
Bronington 1 ,4,5,5,4,5,1,5,2,5
Bronington 2 ,4,5,5,5,4,1,4,4,1
Overton 1 ,4,5,5,5,5,1,5,4,4
Overton 2 ,4,4,5,4,4,1,5,5,3
Chirk North 1 ,4,4,5,4,2,1,4,2,3
Gwersyllt East and South 2 ,5,4,4,4,4,4,2,4,4
Gwersyllt East and South 3 ,5,4,5,3,3,3,3,5,4
Gresford East and West 1 ,5,4,4,4,4,5,3,5,5
Gresford East and West 2 ,5,5,5,5,5,5,2,5,4
Holt 2 ,5,4,4,5,4,5,4,5,5
Marford and Hoseley 1 ,5,5,5,5,5,5,5,5,5
Marford and Hoseley 2 ,5,5,5,5,5,5,5,4,5
Rossett 1 ,5,5,5,5,5,2,5,4,4
Borras Park 1 ,5,5,5,5,5,5,5,4,5
Borras Park 2 ,5,5,5,4,5,4,4,4,5
Rhosnesni 1 ,5,4,4,4,4,5,1,5,5
Rhosnesni 2 ,5,5,5,5,5,5,5,4,5
Garden Village ,5,5,5,5,5,5,5,4,5
Little Acton 1 ,5,5,5,5,5,5,4,4,5
Little Acton 2 ,5,4,4,4,4,5,4,4,3
Minera 2 ,5,5,5,5,5,1,4,5,2
Esclusham 2 ,5,5,5,4,5,4,2,4,5
Johnstown 1 ,5,5,5,4,4,5,4,5,5
Penycae and Ruabon South 1 ,5,5,5,5,4,1,2,4,4
Welshpool Castle ,1,1,2,2,1,1,1,5,2
Newtown East ,1,2,2,2,1,1,1,2,2
Newtown South ,1,1,1,1,1,2,1,3,3
Llandrindod East/Llandrindod West ,1,2,1,2,2,3,1,4,3
Ystradgynlais 1 ,1,1,1,1,1,2,2,5,4
Welshpool Gungrog 1 ,2,2,2,2,2,3,1,5,1
Newtown Central 1 ,2,1,2,1,1,2,2,5,5
Newtown Central 2 ,2,2,2,2,1,3,2,4,4
Disserth and Trecoed ,2,3,2,3,3,1,5,4,5
Llandrindod South ,2,3,2,3,3,1,3,2,4
St. John 2 ,2,2,2,2,2,1,3,5,4
Cwm-twrch ,2,3,2,2,2,2,4,2,2
Llanfyllin ,3,3,3,4,3,1,3,1,2
Meifod & Llanfihangel ,3,4,5,5,4,1,5,4,1
Llanrhaeadr-ym-Mochnant ,3,4,4,5,5,1,5,4,1
Llansilin ,3,4,5,5,4,1,5,4,1
Welshpool Gungrog 2 ,3,3,3,4,3,1,4,4,4
Welshpool Llanerchyddol ,3,3,3,4,3,2,3,4,3
Glantwymyn ,3,4,5,4,4,1,5,4,2
Llanbrynmair & Banwy ,3,4,4,4,4,1,5,4,1
Caersws ,3,4,4,5,4,1,5,1,3
Churchstoke ,3,4,4,4,3,1,5,3,2
Beguildy ,3,4,4,4,4,1,5,5,1
Nantmel ,3,4,5,5,4,1,5,4,2
Rhayader ,3,3,3,3,3,1,4,5,4
Llandrindod North ,3,2,2,3,2,3,3,5,4
Builth 1 ,3,3,3,4,3,2,3,4,2
Llanelwedd ,3,4,4,5,4,1,3,3,2
Llanwrtyd Wells ,3,4,3,5,4,1,4,3,2
St. David Within ,3,3,3,3,4,2,3,2,3
St. Mary 1 ,3,4,4,4,4,5,1,2,1
Aber-craf ,3,3,2,2,4,3,4,2,3
Tawe-Uchaf ,3,3,3,3,3,1,4,4,2
Ystradgynlais 2 ,3,3,2,2,4,1,3,2,4
Llansantffraid ,4,4,5,4,4,1,5,4,2
Llandrinio ,4,5,5,5,5,1,5,1,5
Llandysilio ,4,4,5,4,5,1,4,2,4
Berriew ,4,5,5,5,3,1,5,4,2
Trewern ,4,5,5,5,4,1,5,3,2
Machynlleth ,4,3,3,3,3,3,4,5,4
Llanfair Caereinion ,4,4,5,4,4,1,5,4,1
Rhiwcynon ,4,5,5,5,4,1,5,4,2
Dolforwyn ,4,5,5,5,4,1,5,3,3
Kerry ,4,4,5,5,4,1,4,3,2
Newtown Llanllwchaiarn North ,4,4,5,4,4,1,4,2,5
Newtown Llanllwchaiarn West ,4,4,4,5,4,1,3,3,3
Blaen Hafren ,4,5,5,5,5,1,5,3,3
Llandinam ,4,5,5,5,4,1,5,3,2
Knighton 1 ,4,3,3,4,2,2,3,5,4
Knighton 2 ,4,4,4,4,3,3,3,4,3
Llangunllo ,4,4,5,5,4,1,5,4,2
Old Radnor ,4,4,5,5,4,1,4,4,1
Presteigne 1 ,4,4,4,4,4,1,5,3,5
Presteigne 2 ,4,3,4,3,4,3,3,5,4
Llanbadarn Fawr ,4,4,4,4,4,1,5,4,5
Llanyre ,4,5,4,4,4,1,5,5,3
Llanafanfawr ,4,5,5,5,4,1,5,3,1
Bronllys ,4,5,5,5,4,1,4,5,2
Glasbury ,4,5,5,5,5,1,5,3,3
Gwernyfed ,4,5,4,5,4,1,5,5,2
Talgarth ,4,4,4,4,5,1,4,5,3
Crickhowell ,4,4,4,5,5,1,4,4,2
Llangattock and Glangrwyney ,4,5,5,5,5,1,4,4,2
"Llangors, Bwlch & Grwyney ",4,5,5,5,5,1,5,4,3
Felin-fâch ,4,5,5,5,5,1,5,3,5
Maescar/Llywel ,4,5,5,4,4,1,4,3,3
Yscir ,4,5,5,5,5,1,5,2,2
Talybont-on-Usk ,4,5,5,5,5,1,4,3,4
Ynyscedwyn ,4,4,2,3,4,4,3,2,4
Guilsfield ,5,5,4,5,4,1,5,5,4
Forden ,5,5,5,5,4,1,5,5,4
Montgomery ,5,5,5,4,5,3,5,4,2
Llanidloes 1 ,5,3,4,5,3,5,4,4,5
Llanidloes 2 ,5,4,3,4,4,5,3,5,3
Builth 2 ,5,4,5,5,5,2,3,4,5
Hay ,5,4,4,4,5,4,4,5,3
St. Mary 2 ,5,5,5,5,4,2,4,4,4
St. John 1 ,5,4,4,5,3,2,5,4,5
Llangynidr ,5,5,5,5,5,1,5,5,2
Aberteifi/Cardigan - Rhyd-y-Fuwch ,1,1,1,2,3,4,1,5,2
Aberteifi/Cardigan - Teifi ,1,1,1,2,2,1,1,2,1
Aberystwyth Penparcau 1 ,2,2,1,2,2,2,3,5,3
Aberystwyth Penparcau 2 ,2,2,2,2,2,2,3,5,2
Llangeitho ,2,3,3,4,3,1,5,3,1
Lledrod ,2,4,4,4,4,1,5,2,1
Llanfihangel Ystrad ,2,3,3,3,3,1,4,3,1
Llandysul Town ,2,2,2,4,3,1,3,5,2
Aberystwyth Canol/Central ,3,5,4,3,3,2,1,1,1
Aberystwyth Rheidol 1 ,3,4,4,4,5,2,1,5,1
Aberystwyth Rheidol 2 ,3,3,3,3,5,2,1,3,3
Ciliau Aeron ,3,3,4,4,4,1,5,2,2
Llanrhystyd ,3,4,4,4,4,1,5,4,1
Llansantffraed 1 ,3,4,4,4,5,1,5,4,1
Llansantffraed 2 ,3,3,3,3,4,1,5,5,1
Melindwr ,3,4,4,5,4,1,4,3,1
Tregaron ,3,3,3,4,2,1,2,2,3
Llanarth ,3,3,3,5,4,1,5,4,1
Llandysiliogogo ,3,4,4,5,4,1,5,4,1
New Quay ,3,3,4,5,3,5,3,2,1
Penbryn ,3,4,4,5,4,1,5,4,3
Lampeter 2 ,3,3,2,4,2,2,2,5,3
Llangybi ,3,3,3,5,4,1,5,4,1
Llanwenog ,3,4,4,4,5,1,5,4,1
Aberporth 2 ,3,2,2,4,3,2,5,5,1
Aberteifi/Cardigan - Mwldan ,3,2,2,3,3,2,4,5,5
Pen-parc 1 ,3,3,3,4,4,1,4,4,1
Beulah ,3,4,4,4,4,1,5,5,2
Capel Dewi ,3,4,4,4,4,1,5,5,1
Llandyfriog ,3,3,3,4,3,1,4,5,3
Troedyraur ,3,3,3,4,3,1,5,5,4
Ceulanamaesmawr ,4,4,4,5,4,1,5,3,2
Tirymynach ,4,3,4,3,4,1,4,4,5
Borth ,4,4,4,4,4,2,3,3,2
Llanbadarn Fawr South ,4,4,5,4,5,3,3,2,1
Aberaeron ,4,3,3,4,4,5,2,3,2
Llanfarian ,4,4,5,4,5,1,4,4,4
Ystwyth ,4,4,5,4,4,1,5,4,3
Lampeter 1 ,4,4,4,5,4,5,1,5,1
Aberporth 1 ,4,4,4,5,5,1,5,5,1
Pen-parc 2 ,4,3,4,5,5,1,5,5,4
Trefeurig ,5,5,5,5,5,1,5,5,4
Aberystwyth Bronglais ,5,5,5,4,5,3,3,3,1
Penglais ,5,5,5,4,5,2,3,4,2
Llanbadarn Fawr North ,5,5,5,5,5,1,5,4,5
Faenor 1 ,5,5,5,5,5,3,5,5,5
Haverfordwest: Garth 2 ,1,1,1,1,1,1,2,5,4
Milford: East ,1,1,1,2,1,1,1,4,4
Milford: Hubberston 2 ,1,1,1,2,1,2,3,5,4
Milford: West ,1,1,1,2,1,3,1,3,2
Pembroke Dock: Central ,1,1,1,2,1,3,1,2,1
Pembroke Dock: Llanion 1 ,1,1,1,1,1,1,1,3,2
Pembroke Dock: Pennar 1 ,1,1,2,1,1,2,3,4,3
Pembroke: Monkton ,1,1,1,1,1,2,1,4,3
Scleddau ,2,3,3,4,2,1,4,5,1
Haverfordwest: Castle ,2,2,1,2,2,3,1,3,2
Merlin's Bridge ,2,2,2,2,1,2,4,3,4
Milford: Central ,2,3,2,3,2,5,1,3,3
Milford: Hakin 1 ,2,2,2,2,2,3,3,3,4
Milford: Hubberston 1 ,2,3,3,4,1,1,3,3,2
Pembroke Dock: Market ,2,3,2,3,3,3,2,2,3
Pembroke Dock: Pennar 2 ,2,3,3,3,1,1,3,3,2
Pembroke: St. Mary North ,2,1,2,2,1,2,2,3,4
Pembroke: St. Mary South ,2,2,2,3,1,4,1,2,1
Clydau ,3,3,4,4,3,1,4,4,1
Crymych 1 ,3,4,4,4,4,1,5,4,1
St. Dogmaels ,3,3,4,5,4,1,5,3,1
Fishguard North East ,3,2,3,4,2,2,3,5,4
Fishguard North West ,3,2,2,3,2,4,3,5,4
Goodwick ,3,2,3,4,2,3,3,4,2
Maenclochog 1 ,3,4,5,5,4,1,5,5,1
Haverfordwest: Portfield ,3,3,3,3,2,3,2,4,4
Johnston ,3,3,3,3,3,1,4,3,4
St. Ishmael's ,3,4,4,5,2,1,4,3,3
Neyland: East ,3,3,3,3,2,5,3,4,5
Neyland: West ,3,2,3,3,2,2,4,4,3
Milford: North ,3,2,3,3,1,3,3,3,4
Milford: Hakin 2 ,3,3,2,3,2,3,4,3,5
Amroth ,3,4,4,4,3,1,5,2,4
East Williamston 1 ,3,3,3,3,3,1,5,3,2
Kilgetty/Begelly ,3,3,3,3,3,1,5,1,3
Pembroke Dock: Llanion 2 ,3,3,2,2,2,3,1,3,3
Manorbier ,3,3,4,4,4,1,5,5,3
Hundleton ,3,4,4,5,3,1,5,3,4
Tenby: South 1 ,3,3,4,5,3,3,1,3,3
Tenby: South 2 ,3,3,3,3,3,1,1,2,3
Cilgerran ,4,4,4,4,4,1,5,4,2
Crymych 2 ,4,3,4,5,4,1,5,5,2
Dinas Cross ,4,4,5,5,4,1,5,5,2
Newport ,4,4,4,5,3,2,5,5,2
Letterston ,4,4,4,5,3,1,5,5,2
Llanrhian ,4,4,4,5,4,1,5,5,2
St. David's ,4,4,3,4,5,1,4,5,3
Solva ,4,4,5,5,4,1,5,2,2
Maenclochog 2 ,4,4,5,4,4,1,5,5,3
Rudbaxton ,4,5,4,5,4,1,5,4,4
Wiston ,4,5,5,5,4,1,5,5,3
Haverfordwest: Garth 1 ,4,3,4,4,3,1,3,5,5
Haverfordwest: Prendergast ,4,4,4,3,4,3,1,2,3
Haverfordwest: Priory ,4,4,4,4,3,4,3,3,4
Camrose 1 ,4,5,4,5,4,1,4,4,5
Camrose 2 ,4,4,4,4,4,1,5,5,4
The Havens ,4,5,4,5,4,1,4,3,4
Burton ,4,4,4,5,5,1,5,4,4
Lampeter Velfrey ,4,4,4,5,4,1,5,3,3
Martletwy ,4,4,5,5,5,1,4,3,2
Narberth ,4,3,3,3,3,4,4,5,2
Narberth Rural ,4,4,5,4,5,1,5,3,4
East Williamston 2 ,4,3,4,3,3,4,5,4,5
Saundersfoot 1 ,4,4,4,4,4,3,4,2,5
Saundersfoot 2 ,4,3,4,5,4,4,3,3,3
Carew ,4,4,5,4,4,1,5,4,3
Lamphey ,4,4,4,5,4,1,5,4,4
Penally ,4,4,4,4,4,1,4,3,5
Tenby: North ,4,4,4,4,4,1,3,3,4
Llangwm ,5,4,5,4,4,2,5,4,4
Pembroke: St. Michael ,5,4,3,5,4,3,5,3,5
Carmarthen Town North 2 ,1,1,1,2,1,2,3,3,3
Kidwelly 1 ,1,1,1,2,1,3,3,4,2
Trimsaran 1 ,1,1,1,1,1,3,4,4,3
Felinfoel ,1,1,2,2,1,2,3,2,2
Llwynhendy 2 ,1,1,1,1,1,3,3,2,2
Llwynhendy 3 ,1,1,1,1,1,3,2,5,2
Bigyn 4 ,1,1,1,1,1,1,1,3,3
Glanymor 1 ,1,1,1,1,1,1,1,1,1
Glanymor 2 ,1,1,1,1,2,1,2,3,2
Tyisha 2 ,1,1,1,1,1,2,1,1,2
Tyisha 3 ,1,1,1,1,1,2,1,2,1
Glanymor 4 ,1,1,1,1,1,2,1,1,2
Cenarth ,2,3,3,4,4,1,3,5,1
Llangeler 1 ,2,2,2,3,2,1,5,4,1
Carmarthen Town North 1 ,2,2,2,2,2,2,3,4,3
Carmarthen Town North 3 ,2,2,2,3,2,3,1,5,3
Carmarthen Town South 1 ,2,2,1,2,2,2,1,4,1
Laugharne Township 1 ,2,3,3,3,3,1,4,3,1
Llanfihangel-ar-Arth 1 ,2,3,2,3,4,1,4,4,1
Llandovery 1 ,2,3,3,3,3,1,4,1,2
Llandeilo 2 ,2,2,2,3,3,5,4,2,2
Llanegwad 2 ,2,3,3,5,4,1,5,4,1
Garnant ,2,2,2,2,2,3,4,3,2
Glanamman 1 ,2,2,2,2,2,2,4,3,4
Glanamman 2 ,2,2,1,2,2,3,3,1,3
Quarter Bach 1 ,2,2,2,2,3,5,4,4,2
Llandybie 2 ,2,2,2,2,2,1,3,1,3
Ammanford 1 ,2,2,1,1,2,3,2,3,3
Ammanford 2 ,2,1,1,2,3,5,1,2,4
Pontamman 1 ,2,2,1,2,2,5,2,1,4
Llangyndeyrn 1 ,2,2,2,2,2,1,4,1,3
Trimsaran 2 ,2,2,2,2,2,1,4,1,3
Burry Port 2 ,2,2,1,2,2,2,1,2,3
Pembrey 2 ,2,1,1,2,2,2,2,4,2
Dafen 2 ,2,2,2,2,2,2,2,4,3
Bynea 2 ,2,2,2,2,2,3,3,5,4
Llwynhendy 1 ,2,2,2,2,2,4,2,3,3
Lliedi 1 ,2,2,2,2,3,3,1,1,1
Lliedi 3 ,2,1,2,1,2,2,2,1,2
Elli 2 ,2,2,2,2,2,4,1,1,2
Bigyn 2 ,2,2,2,2,2,4,2,1,1
Tyisha 1 ,2,2,2,2,1,4,1,1,1
Glanymor 3 ,2,2,3,3,1,1,2,1,4
Llangeler 2 ,3,4,4,4,4,1,4,4,1
Trelech ,3,4,4,4,4,1,4,5,1
Llangunnor 1 ,3,3,2,3,3,1,4,4,4
Laugharne Township 2 ,3,3,3,4,4,1,4,1,1
Llanboidy ,3,4,5,5,4,1,5,5,1
Llanfihangel-ar-Arth 2 ,3,4,4,4,3,1,5,4,2
Llanybydder 1 ,3,4,4,4,3,1,5,4,2
Llanybydder 2 ,3,3,3,3,1,3,5,4,1
Cilycwm ,3,4,4,5,4,1,5,3,1
Cynwyl Gaeo ,3,4,4,4,4,1,5,4,1
Llandovery 2 ,3,3,3,4,3,5,3,1,2
Llangadog ,3,4,3,5,4,1,5,3,1
Manordeilo and Salem ,3,4,3,4,4,1,5,3,1
Llanfihangel Aberbythych ,3,4,4,5,4,1,5,4,2
Carmarthen Town West 1 ,3,3,3,2,3,3,3,4,4
Cynwyl Elfed 1 ,3,4,5,4,4,1,5,5,1
Quarter Bach 2 ,3,3,2,3,3,3,4,4,1
Saron 1 ,3,3,2,3,3,1,5,4,2
Saron 2 ,3,3,2,2,3,3,5,2,4
Betws ,3,3,3,4,3,1,4,4,3
Llangyndeyrn 2 ,3,3,3,4,3,1,4,4,2
St. Ishmael 2 ,3,3,3,3,3,1,4,1,2
Glyn (Carmarthenshire) ,3,3,3,3,3,2,4,3,4
Gorslas 2 ,3,4,3,3,3,2,4,2,3
Pontyberem 2 ,3,3,2,3,2,3,4,2,4
Kidwelly 2 ,3,3,3,4,3,1,4,4,3
Burry Port 1 ,3,2,2,4,3,4,2,2,3
Llannon 1 ,3,3,3,2,2,5,2,4,2
Llannon 2 ,3,3,2,2,3,4,4,4,2
Penygroes (Carmarthenshire) 2 ,3,3,2,3,3,4,5,3,3
Elli 1 ,3,3,3,3,4,5,1,2,3
Hengoed (Carmarthenshire) 1 ,3,4,3,3,2,2,4,2,5
Hengoed 2 ,3,3,3,4,3,2,3,1,4
Bigyn 1 ,3,4,4,2,3,4,1,1,4
Bigyn 3 ,3,3,2,3,3,3,2,3,1
Carmarthen Town South 2 ,4,4,4,3,5,3,3,3,5
Llangunnor 2 ,4,5,5,4,4,1,2,4,4
Llansteffan ,4,4,4,4,5,1,5,4,3
St. Clears 1 ,4,3,3,3,4,3,4,3,3
St. Clears 2 ,4,4,4,4,3,1,5,4,3
Whitland ,4,4,4,4,4,1,5,2,4
Llandeilo 1 ,4,5,5,5,4,1,4,4,3
Abergwili ,4,4,4,4,5,1,5,3,3
Llanegwad 1 ,4,4,4,5,5,1,5,4,2
Carmarthen Town West 2 ,4,4,5,4,4,1,4,5,4
Carmarthen Town West 3 ,4,4,3,3,3,3,4,3,2
Cynwyl Elfed 2 ,4,5,5,5,5,1,5,4,3
Llandybie 1 ,4,4,4,4,4,2,4,1,5
Hendy 2 ,4,3,3,3,3,5,4,2,3
Tycroes ,4,3,3,3,3,4,5,5,3
Llanddarog ,4,4,4,4,4,1,5,3,2
St. Ishmael 1 ,4,5,5,4,5,1,5,2,4
Gorslas 1 ,4,3,3,3,3,2,5,4,3
Pontyberem 1 ,4,4,4,4,3,2,4,2,2
Burry Port 3 ,4,3,3,4,4,3,4,3,5
Llannon 3 ,4,4,4,4,4,1,5,5,4
Penygroes (Carmarthenshire) 1 ,4,4,3,3,3,4,5,2,2
Llangennech 1 ,4,4,3,3,4,2,4,3,4
Llangennech 2 ,4,3,3,3,3,4,4,5,4
Llangennech 3 ,4,3,3,3,3,5,5,1,4
Swiss Valley 2 ,4,4,3,3,3,3,5,5,5
Dafen 1 ,4,3,3,3,3,4,2,2,4
Bynea 1 ,4,4,4,4,3,4,3,1,3
Lliedi 2 ,4,4,3,4,4,4,3,1,5
Carmarthen Town North 4 ,5,5,5,5,5,3,3,4,5
Pontamman 2 ,5,4,3,5,4,4,5,3,4
Hendy 1 ,5,5,4,5,4,4,5,5,4
Pembrey 1 ,5,4,4,4,5,3,4,2,5
Swiss Valley 1 ,5,5,5,4,5,2,5,3,5
Pontardulais 4 ,1,1,2,1,2,3,4,2,2
Penyrheol (Swansea) 4 ,1,1,1,1,2,2,4,5,3
Clydach 3 ,1,1,1,1,1,3,3,5,2
Morriston 5 ,1,1,1,1,1,2,1,3,4
Morriston 6 ,1,2,1,1,1,3,1,2,2
Morriston 7 ,1,1,1,1,2,3,1,2,1
Morriston 9 ,1,1,1,1,1,2,1,3,1
Llansamlet 8 ,1,1,1,1,1,2,2,3,4
Bonymaen 1 ,1,1,1,1,1,2,2,5,2
Bonymaen 4 ,1,1,1,1,2,3,1,4,2
St. Thomas 1 ,1,1,2,1,2,2,2,4,1
Mynyddbach 1 ,1,1,1,1,1,2,1,5,4
Castle 1 ,1,1,1,1,1,2,1,2,3
Castle 3 ,1,1,2,2,1,2,1,2,1
Landore 2 ,1,1,1,1,1,4,1,3,1
Landore 3 ,1,1,1,1,1,4,2,2,1
Landore 4 ,1,2,2,2,2,2,2,2,1
Penderry 1 ,1,1,1,1,1,1,1,4,4
Penderry 3 ,1,1,1,1,1,2,1,3,4
Penderry 4 ,1,1,1,1,1,2,1,4,2
Penderry 5 ,1,1,1,1,1,2,2,4,4
Penderry 7 ,1,1,1,1,1,2,2,5,4
Cockett 8 ,1,1,1,1,1,3,1,3,2
Penderry 2 ,1,1,1,1,1,2,1,3,3
Penderry 6 ,1,1,1,1,1,4,1,3,4
Cockett 2 ,1,1,1,1,2,2,1,5,4
Sketty 4 ,1,1,1,2,4,3,4,5,5
Townhill 1 ,1,1,1,1,1,1,1,4,2
Townhill 2 ,1,1,1,1,1,1,2,3,2
Townhill 3 ,1,1,1,1,1,2,1,3,2
Townhill 4 ,1,1,2,1,1,3,1,5,2
Townhill 5 ,1,1,1,1,1,2,1,4,2
Townhill 6 ,1,1,1,1,1,2,2,4,2
Castle 4 ,1,2,2,1,3,2,1,2,1
Castle 2 North ,1,1,1,1,2,1,1,2,5
Penllergaer 2 ,2,1,1,1,2,2,4,4,5
Gorseinon 1 ,2,3,2,1,3,4,2,3,2
Clydach 1 ,2,2,1,2,2,3,4,5,3
Clydach 4 ,2,2,2,2,2,3,3,4,2
Morriston 4 ,2,2,2,2,2,4,2,2,2
Llansamlet 6 ,2,1,2,1,2,3,2,4,4
Bonymaen 2 ,2,1,2,1,2,3,2,2,2
St. Thomas 2 ,2,2,2,1,2,3,2,3,1
St. Thomas 4 ,2,2,2,2,2,4,2,4,2
Mynyddbach 2 ,2,1,2,2,2,3,2,4,3
Cwmbwrla 1 ,2,2,3,3,1,4,4,2,1
Cwmbwrla 2 ,2,2,3,2,2,4,3,2,1
Cwmbwrla 3 ,2,2,3,3,2,5,3,1,1
Cwmbwrla 5 ,2,2,1,2,1,3,2,2,3
Landore 1 ,2,2,2,2,2,3,1,3,1
Cockett 6 ,2,2,2,2,2,2,1,2,5
Cockett 7 ,2,2,3,3,2,5,1,4,3
Castle 6 ,2,2,3,2,3,3,3,3,1
Castle 5 ,2,2,2,4,1,1,1,3,1
Castle 7 West ,2,2,3,2,3,2,1,1,2
Castle 8 ,2,2,3,2,3,2,2,1,1
West Cross 3 ,2,1,1,2,4,3,3,5,4
West Cross 4 ,2,2,1,3,2,3,3,5,3
Pontardulais 2 ,3,2,2,3,3,5,3,1,3
Pontardulais 3 ,3,3,3,3,3,2,3,1,3
Gorseinon 2 ,3,3,3,2,3,5,2,5,3
Penyrheol (Swansea) 1 ,3,2,2,2,3,3,4,4,3
Lower Loughor ,3,2,2,2,4,4,3,5,5
Clydach 5 ,3,2,2,2,2,4,3,4,4
Mawr ,3,3,4,4,4,1,3,3,2
Morriston 1 ,3,3,3,3,3,4,3,2,3
Llansamlet 1 ,3,3,4,3,4,3,1,2,3
Llansamlet 5 ,3,4,2,3,2,5,3,3,5
St. Thomas 3 ,3,2,2,3,2,3,3,4,2
Mynyddbach 4 ,3,3,2,2,3,5,3,3,4
Mynyddbach 5 ,3,2,2,2,3,5,2,3,3
Cwmbwrla 4 ,3,3,3,3,3,5,2,2,2
Cockett 1 ,3,3,3,3,2,3,1,2,3
Cockett 3 ,3,2,2,2,2,3,2,5,5
Sketty 5 ,3,2,2,2,5,3,4,3,3
Uplands 2 ,3,3,2,3,5,3,1,4,1
Castle 7 East ,3,5,4,5,2,2,1,2,5
Castle 2 South ,3,4,4,4,2,2,2,2,5
Uplands 4 ,3,3,3,3,3,2,2,2,1
Uplands 8 ,3,4,4,3,4,2,3,1,1
Penyrheol (Swansea) 2 ,4,4,4,3,3,3,5,5,4
Penyrheol (Swansea) 3 ,4,3,4,3,4,5,4,5,4
Kingsbridge 1 ,4,4,3,3,5,4,5,4,4
Upper Loughor 2 ,4,4,3,4,3,3,4,5,3
Morriston 3 ,4,4,3,3,4,5,2,3,3
Morriston 8 ,4,4,3,3,4,5,2,2,2
Llansamlet 4 ,4,4,3,3,4,5,4,3,5
Bonymaen 3 ,4,3,3,2,3,5,4,4,4
Mynyddbach 6 ,4,3,3,3,3,4,4,4,5
Cockett 4 ,4,3,3,3,4,4,3,3,5
Gowerton 2 ,4,4,3,3,5,5,4,3,4
Gowerton 3 ,4,3,3,2,4,3,3,4,4
Penclawdd 2 ,4,3,3,3,3,4,5,4,4
Dunvant 1 ,4,4,4,3,3,5,5,5,5
Fairwood 2 ,4,4,4,5,4,2,5,5,4
Gower (Swansea) 1 ,4,5,5,5,5,1,5,5,3
Uplands 6 ,4,5,5,4,5,2,3,4,1
Uplands 9 ,4,5,5,4,3,2,5,5,1
Pontardulais 1 ,5,4,4,4,5,5,4,4,4
Llangyfelach 1 ,5,5,4,4,5,4,5,4,5
Llangyfelach 2 ,5,5,5,5,5,4,5,4,5
Llangyfelach 3 ,5,5,5,5,5,2,4,5,5
Penllergaer 1 ,5,5,5,5,5,3,5,4,5
Kingsbridge 2 ,5,5,5,5,5,4,5,5,5
Kingsbridge 3 ,5,5,4,4,4,4,4,4,3
Upper Loughor 1 ,5,4,4,3,4,4,4,3,4
Clydach 2 ,5,5,4,4,5,5,5,4,4
Morriston 2 ,5,5,4,4,4,3,5,4,4
Morriston 10 ,5,5,4,4,4,4,3,3,4
Morriston 11 ,5,5,5,4,5,3,4,3,5
Llansamlet 2 ,5,4,4,4,5,5,1,3,5
Llansamlet 3 ,5,5,4,4,4,3,5,2,3
Llansamlet 7 ,5,5,5,4,5,4,5,1,5
Mynyddbach 3 ,5,4,4,4,4,4,4,4,5
Sketty 1 ,5,5,5,5,5,5,4,3,4
Sketty 2 ,5,5,5,5,5,5,4,4,5
Sketty 3 ,5,5,4,5,5,5,4,4,5
Cockett 5 ,5,4,4,3,5,5,4,5,5
Gowerton 1 ,5,4,4,4,5,5,5,4,5
Fairwood 1 ,5,4,5,5,5,2,5,5,5
Penclawdd 1 ,5,5,5,5,5,2,5,4,4
Dunvant 2 ,5,5,4,5,5,5,5,5,5
Dunvant 3 ,5,5,5,5,5,5,5,4,5
Killay North 2 ,5,5,5,5,5,5,5,5,5
Killay South 1 ,5,4,4,5,4,5,5,5,5
Killay 3 ,5,5,5,5,5,5,5,4,5
Gower (Swansea) 2 ,5,5,5,5,5,1,5,5,3
Pennard 1 ,5,5,4,5,5,4,5,5,5
Pennard 2 ,5,5,5,5,5,5,5,5,5
Uplands 1 ,5,5,5,4,4,5,3,5,4
Uplands 3 ,5,5,4,5,4,4,3,5,1
Uplands 5 ,5,5,5,5,5,5,4,3,3
Uplands 7 ,5,5,5,5,5,4,4,4,1
Sketty 6 ,5,5,5,5,5,5,4,4,2
Sketty 7 ,5,5,3,5,5,5,5,4,5
Sketty 8 ,5,5,5,5,5,4,5,3,5
Sketty 9 ,5,5,5,4,5,5,3,5,3
Bishopston 1 ,5,5,5,5,5,5,5,5,5
Bishopston 2 ,5,5,5,5,5,4,5,5,5
Mayals 1 ,5,5,5,5,5,4,5,3,5
Mayals 2 ,5,5,5,5,5,4,5,5,5
West Cross 1 ,5,5,5,5,5,5,5,5,5
West Cross 2 ,5,5,4,5,5,5,5,2,5
Newton (Swansea) 1 ,5,5,5,5,5,4,5,5,5
Newton (Swansea) 2 ,5,5,4,5,5,5,5,5,5
Oystermouth 1 ,5,4,5,5,5,5,4,4,2
Oystermouth 2 ,5,5,5,5,5,3,4,5,5
Oystermouth 3 ,5,5,5,5,5,5,3,5,2
Glynneath 1 ,1,2,2,1,1,2,4,1,3
Neath East 1 ,1,1,1,1,1,2,1,1,2
Neath East 2 ,1,1,1,1,1,3,1,1,1
Neath North 2 ,1,1,1,1,1,3,1,1,2
Neath North 3 ,1,1,1,1,1,2,3,4,3
Coedffranc Central 3 ,1,1,1,1,1,1,4,3,3
Neath East 3 ,1,1,1,2,1,2,3,1,3
Neath South 1 ,1,1,1,2,1,2,2,4,3
Neath South 2 ,1,1,1,1,1,1,3,4,3
Briton Ferry East 2 ,1,1,1,1,2,4,2,1,2
Briton Ferry West 1 ,1,1,1,1,1,1,3,5,2
Briton Ferry West 2 ,1,2,1,1,1,2,1,1,1
Neath East 4 ,1,2,1,1,1,3,3,1,3
Sandfields East 2 ,1,1,1,1,1,2,2,3,3
Sandfields West 1 ,1,1,1,1,1,2,3,2,3
Sandfields West 2 ,1,1,1,1,1,2,2,2,2
Sandfields West 3 ,1,1,1,1,1,2,2,4,3
Sandfields West 4 ,1,1,1,1,1,2,2,3,3
Aberavon 2 ,1,1,1,1,1,2,1,1,2
Aberavon 3 ,1,1,1,1,1,2,1,1,3
Aberavon 4 ,1,1,1,1,1,2,1,1,1
Sandfields East 1 ,1,1,1,1,1,2,2,5,3
Sandfields East 4 ,1,1,1,1,1,3,2,3,3
Cymmer (Neath Port Talbot) 2 ,1,1,1,1,1,2,2,3,4
Glyncorrwg ,1,1,1,2,1,2,4,1,3
Gwynfi ,1,1,1,1,1,3,4,3,2
Bryn and Cwmavon 3 ,1,1,1,1,1,3,3,3,3
Port Talbot 3 ,1,2,1,1,2,3,1,1,1
Tai-bach 2 ,1,1,1,1,1,5,2,1,3
Ystalyfera 2 ,1,2,1,1,2,4,3,1,3
Blaengwrach ,2,2,2,2,2,3,3,1,2
Aberdulais ,2,2,2,2,2,1,4,2,4
Resolven 1 ,2,2,2,2,3,2,4,2,3
Tonna 2 ,2,3,2,2,2,3,5,2,2
Bryn-coch South 4 ,2,2,1,2,2,2,5,3,4
Dyffryn 1 ,2,2,1,1,2,2,4,1,2
Coedffranc Central 1 ,2,2,2,2,3,5,3,2,1
Coedffranc Central 2 ,2,3,2,3,2,5,2,2,1
Briton Ferry East 1 ,2,3,2,2,2,2,3,2,2
Cymmer (Neath Port Talbot) 1 ,2,2,2,1,1,2,4,3,2
Bryn and Cwmavon 4 ,2,2,2,2,2,4,4,4,4
Pelenna ,2,2,2,2,2,1,5,5,4
Port Talbot 2 ,2,3,2,3,2,3,2,1,1
Port Talbot 4 ,2,3,3,2,2,4,2,1,1
Tai-bach 1 ,2,2,2,2,2,3,2,3,3
Margam 1 ,2,2,2,3,2,2,1,2,4
Tai-bach 3 ,2,2,2,2,2,4,3,1,3
Onllwyn ,2,2,2,2,2,2,4,3,2
Seven Sisters ,2,2,2,2,1,3,4,3,3
Pontardawe 1 ,2,2,2,2,3,2,2,3,4
Pontardawe 2 ,2,2,2,2,2,3,4,5,2
Pontardawe 3 ,2,3,2,2,2,4,1,2,5
Gwaun-Cae-Gurwen 1 ,2,2,2,2,2,5,4,3,3
Gwaun-Cae-Gurwen 2 ,2,1,1,2,2,1,4,2,3
Lower Brynamman ,2,2,2,2,2,4,4,4,1
Ystalyfera 1 ,2,2,1,1,2,3,3,4,2
Glynneath 2 ,3,3,3,2,3,4,4,1,4
Resolven 2 ,3,3,3,2,2,5,4,2,3
Cimla 1 ,3,2,2,2,2,2,4,4,4
Coedffranc North 1 ,3,3,3,2,2,4,4,1,2
Coedffranc North 2 ,3,4,3,3,3,4,5,2,1
Baglan 1 ,3,4,2,4,3,3,3,2,4
Baglan 3 ,3,2,2,2,2,3,3,4,3
Sandfields East 3 ,3,3,3,3,3,4,2,4,4
Bryn and Cwmavon 1 ,3,3,3,2,2,2,4,5,3
Port Talbot 1 ,3,3,3,3,2,2,3,3,3
Trebanos ,3,3,2,2,2,3,4,2,3
Cwmllynfell ,3,3,2,3,3,1,5,4,2
Godre'r graig ,3,3,3,2,3,2,4,2,2
Bryn-coch North 1 ,4,4,3,4,4,2,5,3,5
Bryn-coch South 2 ,4,3,3,4,3,4,5,2,5
Bryn-coch South 3 ,4,4,4,4,4,3,4,3,5
Dyffryn 2 ,4,4,3,3,3,2,4,2,4
Neath North 1 ,4,4,3,3,4,5,4,4,4
Coedffranc West ,4,4,4,3,4,1,3,4,4
Baglan 4 ,4,4,3,4,4,5,4,3,4
Aberavon 1 ,4,5,4,3,2,5,3,1,5
Margam 2 ,4,4,5,5,4,2,3,1,5
Crynant ,4,3,3,3,3,4,4,4,5
Allt-wen ,4,3,3,3,3,3,4,4,3
Rhos 1 ,4,3,3,4,4,2,5,4,5
Bryn-coch North 2 ,5,5,4,5,5,4,5,4,5
Bryn-coch South 1 ,5,5,5,5,5,5,5,4,5
Cadoxton ,5,4,4,4,5,3,5,3,4
Cimla 2 ,5,5,4,3,4,4,5,3,5
Cimla 3 ,5,5,4,4,4,3,5,4,5
Tonna 1 ,5,5,4,4,5,3,5,4,5
Neath South 3 ,5,5,4,5,4,4,3,5,5
Baglan 2 ,5,5,4,5,5,5,5,3,5
Bryn and Cwmavon 2 ,5,4,4,3,4,5,5,3,5
Rhos 2 ,5,5,4,4,5,4,5,2,4
Caerau (Bridgend) 1 ,1,1,1,1,1,1,1,4,3
Caerau (Bridgend) 2 ,1,1,1,1,1,2,3,4,1
Caerau (Bridgend) 3 ,1,1,1,1,1,3,3,3,2
Caerau (Bridgend) 4 ,1,1,1,1,1,2,2,3,2
Maesteg East 1 ,1,2,1,1,2,3,1,2,2
Maesteg East 2 ,1,1,1,1,2,2,3,3,3
Maesteg West 2 ,1,2,1,1,2,4,2,3,2
Blackmill 1 ,1,1,1,2,1,2,3,5,2
Nant-y-moel 1 ,1,1,1,1,1,2,3,4,1
Bettws (Bridgend) ,1,1,1,1,1,3,3,5,4
Maesteg West 3 ,1,1,1,1,1,1,4,5,3
Sarn 1 ,1,1,1,1,1,4,3,3,3
Morfa 2 ,1,1,1,1,1,1,2,2,3
Morfa 3 ,1,2,1,1,1,2,1,2,3
Oldcastle 1 ,1,1,1,1,3,2,1,2,1
Brackla 3 ,1,1,1,1,1,1,2,2,5
Pyle 2 ,1,1,1,1,1,3,3,2,3
Cornelly 4 ,1,1,1,1,2,2,2,4,4
Caerau (Bridgend) 5 ,2,2,2,2,2,4,3,2,2
Maesteg West 4 ,2,2,1,1,2,3,3,1,4
Blackmill 2 ,2,1,2,1,1,2,4,5,3
Nant-y-moel 2 ,2,2,2,1,2,5,3,3,2
Ogmore Vale 2 ,2,2,1,2,2,4,3,1,1
Blaengarw ,2,2,2,1,2,4,4,4,1
Llangeinor ,2,3,3,1,2,2,3,3,1
Pontycymmer 1 ,2,2,2,2,2,5,3,4,1
Pontycymmer 2 ,2,2,1,1,2,4,2,4,1
Llangynwyd 2 ,2,2,2,2,3,2,5,4,5
Ynysawdre 1 ,2,2,2,1,2,4,2,2,4
Bryncoch ,2,2,2,2,2,3,4,2,2
Felindre 1 ,2,2,2,1,3,5,2,1,3
Llangewydd and Brynhyfryd 1 ,2,2,1,1,3,3,4,2,4
Newcastle 1 ,2,2,2,1,2,3,3,2,3
Morfa 1 ,2,2,2,2,2,2,1,2,1
Bryntirion Laleston and Merthyr Mawr 3 ,2,2,1,1,3,2,4,4,4
Pyle 3 ,2,2,2,1,2,5,1,3,2
Pyle 5 ,2,1,1,2,3,4,4,3,4
Cornelly 1 ,2,2,2,2,1,3,4,4,4
Cornelly 3 ,2,2,2,3,2,3,3,3,4
Porthcawl West Central 1 ,2,2,1,2,4,4,2,5,1
Porthcawl East Central 1 ,2,2,2,2,3,3,3,3,4
Porthcawl East Central 2 ,2,2,1,2,3,5,1,1,2
Ogmore Vale 1 ,3,3,2,3,3,5,3,1,2
Maesteg East 3 ,3,3,2,2,3,2,4,3,3
Bryncethin ,3,3,3,2,3,2,3,4,5
Sarn 2 ,3,3,3,2,2,4,2,4,5
Hendre (Bridgend) 2 ,3,2,3,2,3,3,4,1,3
Pendre ,3,3,3,2,4,2,3,2,3
Brackla 2 ,3,3,3,2,3,3,4,2,5
Cefn Cribwr ,3,3,2,2,2,2,4,5,3
Pyle 4 ,3,2,2,2,3,5,3,5,3
Maesteg West 1 ,4,3,3,3,4,5,1,4,3
Llangynwyd 1 ,4,4,4,3,4,2,5,4,3
Aberkenfig ,4,4,3,3,3,4,4,1,2
Ynysawdre 2 ,4,4,3,3,4,5,4,4,3
Felindre 2 ,4,4,4,3,4,5,4,1,5
Penprysg 1 ,4,4,4,3,4,3,5,4,5
Penprysg 2 ,4,4,4,3,4,2,4,3,4
Coity ,4,5,5,4,4,1,4,3,5
Cefn Glas ,4,3,3,3,3,4,4,4,3
Llangewydd and Brynhyfryd 2 ,4,4,4,3,4,4,5,3,4
Newcastle 3 ,4,3,3,3,5,4,1,2,4
Brackla 1 ,4,3,3,3,3,4,5,3,5
Coychurch Lower ,4,5,4,3,5,2,2,3,4
Brackla 4 ,4,3,3,3,4,5,3,2,4
Brackla 6 ,4,3,4,4,4,3,5,4,5
Newcastle 2 ,4,3,3,3,4,3,5,2,5
Cornelly 2 ,4,3,3,3,3,4,4,3,5
Porthcawl West Central 2 ,4,3,3,3,5,4,3,4,4
Newton (Bridgend) 2 ,4,4,3,3,5,5,3,3,5
Hendre (Bridgend) 1 ,5,5,5,4,4,4,5,4,5
Litchard ,5,5,4,4,5,3,5,3,5
Bryntirion Laleston and Merthyr Mawr 2 ,5,4,5,5,4,3,3,5,5
Oldcastle 3 ,5,5,5,3,5,3,3,3,5
Pen-y-fai ,5,5,4,4,5,4,5,4,5
Brackla 5 ,5,4,5,4,4,4,5,3,5
Brackla 7 ,5,5,5,4,5,4,5,2,5
Oldcastle 2 ,5,5,5,5,5,4,3,4,5
Bryntirion Laleston and Merthyr Mawr 1 ,5,5,5,5,5,5,5,4,5
Bryntirion Laleston and Merthyr Mawr 4 ,5,5,5,5,5,5,5,4,5
Bryntirion Laleston and Merthyr Mawr 5 ,5,5,5,5,5,5,5,5,5
Bryntirion Laleston and Merthyr Mawr 6 ,5,3,4,4,5,5,5,4,5
Pyle 1 ,5,4,4,3,4,5,4,4,4
Nottage 1 ,5,5,5,5,5,2,5,5,5
Nottage 2 ,5,4,5,4,5,3,5,5,4
Rest Bay 1 ,5,5,4,5,5,3,5,5,5
Rest Bay 2 ,5,5,5,4,5,3,5,5,5
Newton (Bridgend) 1 ,5,4,4,5,5,2,5,5,5
Buttrills 2 ,1,1,1,1,1,2,3,3,4
Court 3 ,1,1,1,1,1,3,1,1,3
Gibbonsdown 1 ,1,1,1,2,1,3,2,3,4
Gibbonsdown 2 ,1,1,1,1,1,3,2,3,3
Gibbonsdown 4 ,1,1,2,1,1,3,2,4,2
Cadoc 1 ,1,1,1,1,1,2,2,2,5
Cadoc 4 ,1,1,1,2,2,3,1,2,1
Cadoc 3 ,1,1,1,1,2,5,1,2,1
Castleland 2G ,1,1,1,1,3,5,1,2,1
Castleland 1 ,1,1,1,1,1,3,1,1,3
Dyfan 3 ,2,2,1,2,2,2,2,2,4
Illtyd 2 ,2,2,2,2,2,3,3,2,5
Cadoc 5 ,2,2,2,2,2,4,1,1,2
Buttrills 1 ,2,3,3,2,2,5,1,2,1
Court 1 ,2,1,1,2,2,4,2,2,1
Court 2 ,2,1,2,2,2,5,1,1,2
Castleland 2H ,2,1,2,2,1,4,3,2,1
Buttrills 4 ,2,2,2,2,2,4,2,2,3
Llantwit Major 6 ,3,2,2,2,2,3,4,4,4
St. Athan 1 ,3,2,2,2,3,5,3,4,3
Dinas Powys 3 ,3,2,2,3,3,3,4,1,4
Illtyd 4 ,3,2,2,3,3,4,3,1,2
Dyfan 2 ,3,2,2,2,3,3,3,3,4
Gibbonsdown 3 ,3,2,2,2,3,4,3,2,2
Cadoc 2 ,3,3,3,2,3,3,3,2,5
Buttrills 3 ,3,3,3,3,2,5,1,2,1
Baruc 3 ,3,3,2,2,3,2,1,2,3
Stanwell 1 ,3,3,4,3,3,3,3,2,2
Stanwell 3 ,3,2,3,2,4,2,4,3,4
Llantwit Major 4 ,4,4,4,3,4,3,5,2,4
Llantwit Major 3 ,4,4,4,4,4,2,4,3,5
Rhoose 2 ,4,4,4,4,4,3,5,4,5
Rhoose 3 ,4,5,5,5,5,1,4,3,4
Baruc 4 ,4,4,4,4,5,5,3,3,1
Illtyd 5 ,4,3,3,3,4,5,3,4,2
Cornerswell 2 ,4,3,4,3,3,3,4,3,1
Cornerswell 3 ,4,3,4,3,4,3,3,2,4
St. Augustine's 2 ,4,4,4,4,5,5,3,3,1
Llandow/Ewenny ,5,5,5,5,5,1,5,4,4
St. Bride's Major 1 ,5,5,5,5,5,1,5,5,5
St. Bride's Major 2 ,5,5,5,5,5,2,5,4,5
Cowbridge 1 ,5,4,4,5,5,5,5,4,5
Cowbridge 2 ,5,5,5,5,5,1,5,3,5
Cowbridge 3 ,5,5,5,5,5,4,3,3,5
Cowbridge 4 ,5,5,5,5,5,1,5,4,5
Llantwit Major 1 ,5,5,5,5,5,5,5,2,5
Llantwit Major 2 ,5,4,4,4,5,5,3,4,4
Llantwit Major 5 ,5,5,5,5,5,2,4,4,3
Llantwit Major 7 ,5,5,5,5,5,4,5,5,5
Rhoose 1 ,5,4,4,4,4,4,4,4,4
Rhoose 4 ,5,5,5,5,4,5,5,3,5
St. Athan 2 ,5,4,4,4,3,3,5,4,5
Peterston-super-Ely ,5,5,5,5,5,1,4,3,3
Wenvoe 1 ,5,5,5,5,4,2,3,2,5
Wenvoe 2 ,5,5,5,5,4,3,4,4,4
Dinas Powys 1 ,5,5,5,5,5,4,3,2,5
Dinas Powys 2 ,5,5,5,5,5,5,4,1,5
Dinas Powys 4 ,5,5,5,5,5,4,5,1,5
Dinas Powys 5 ,5,5,5,5,5,2,3,3,4
Dyfan 1 ,5,5,5,4,4,5,4,3,5
Illtyd 1 ,5,5,5,5,5,5,4,2,5
Illtyd 3 ,5,5,4,5,5,5,5,3,5
Illtyd 6 ,5,5,5,5,5,5,5,4,5
Cadoc 6 ,5,5,5,5,5,5,4,2,5
Baruc 1 ,5,4,3,5,5,5,4,4,5
Baruc 2 ,5,5,5,5,5,4,5,5,4
Cornerswell 1 ,5,5,5,5,5,5,4,3,4
Cornerswell 4 ,5,4,4,4,5,5,5,3,4
Llandough ,5,5,4,4,5,3,2,2,4
Plymouth (The Vale of Glamorgan) 3 ,5,5,5,5,5,5,5,2,4
St. Augustine's 1 ,5,4,4,5,5,5,3,4,4
St. Augustine's 3 ,5,5,4,4,5,5,3,2,3
St. Augustine's 4 ,5,4,4,5,4,5,4,2,4
Stanwell 2 ,5,5,5,5,5,5,4,2,4
Plymouth (The Vale of Glamorgan) 1 ,5,5,5,5,5,5,5,3,5
Plymouth (The Vale of Glamorgan) 2 ,5,4,4,5,5,3,5,4,4
Sully 1 ,5,5,5,5,5,5,5,4,5
Sully 2 ,5,5,5,5,5,5,5,4,5
Sully 3 ,5,5,5,4,5,3,5,3,5
Whitchurch and Tongwynlais 9 ,1,2,1,1,4,2,2,2,4
Llandaff North 1 ,1,1,1,1,1,4,2,1,3
Llandaff North 4 ,1,1,1,1,2,3,2,1,2
Llanrumney 6 ,1,1,1,1,1,2,2,1,2
Llanrumney 7 ,1,1,1,1,1,3,1,1,2
Trowbridge 3 ,1,1,1,1,1,4,1,1,4
Trowbridge 4 ,1,1,1,1,1,2,2,1,4
Trowbridge 5 ,1,1,1,1,1,2,1,2,4
Trowbridge 8 ,1,1,1,1,1,1,1,2,5
Llanrumney 2 ,1,1,2,1,1,2,2,1,2
Llanrumney 3 ,1,1,2,1,1,3,2,1,2
Rumney 4 ,1,1,1,1,1,3,1,1,4
Rumney 5 ,1,1,1,1,1,2,1,1,2
Trowbridge 7 ,1,1,1,1,1,2,1,1,2
Trowbridge 10 ,1,1,1,1,1,2,1,1,3
Pentwyn 3 ,1,1,1,1,1,2,1,1,2
Pentwyn 2 ,1,1,2,1,1,2,3,1,2
Pentwyn 5 ,1,1,1,1,2,3,1,1,3
Plasnewydd 2 ,1,2,2,1,3,2,3,1,1
Plasnewydd 7 ,1,1,1,1,2,2,1,1,3
Canton 3 ,1,1,2,2,2,2,1,1,1
Riverside 1 ,1,1,2,1,2,2,2,1,1
Riverside 2 ,1,1,1,1,1,2,1,1,1
Riverside 3 ,1,1,1,1,1,2,1,1,1
Riverside 8 ,1,2,3,2,2,2,1,1,1
Fairwater (Cardiff) 5 ,1,1,1,1,2,2,1,2,4
Fairwater (Cardiff) 4 ,1,1,1,1,3,4,2,2,2
Fairwater (Cardiff) 7 ,1,1,1,1,1,2,2,2,3
Ely 1 ,1,1,1,1,1,1,1,1,1
Ely 2 ,1,1,1,1,1,1,1,3,1
Ely 3 ,1,1,1,1,1,2,1,1,1
Ely 4 ,1,1,1,1,1,2,2,2,2
Ely 5 ,1,1,1,1,1,2,1,2,1
Caerau (Cardiff) 3 ,1,1,1,1,1,1,2,2,2
Caerau (Cardiff) 6 ,1,1,1,1,1,2,1,2,2
Ely 10 ,1,1,1,1,1,3,1,1,2
Ely 6 ,1,1,1,1,1,2,1,1,1
Ely 8 ,1,1,1,1,1,2,2,2,2
Caerau (Cardiff) 2 ,1,1,1,1,1,2,2,2,2
Caerau (Cardiff) 4 ,1,1,1,1,1,2,3,3,4
Caerau (Cardiff) 7 ,1,1,1,1,1,3,1,2,3
Adamsdown 1 ,1,1,2,1,1,3,1,1,1
Adamsdown 2 ,1,2,3,2,1,1,1,1,1
Adamsdown 3 ,1,1,1,1,1,2,1,1,1
Adamsdown 4 ,1,1,2,2,2,3,1,1,1
Adamsdown 5 ,1,1,2,1,1,3,2,1,1
Splott 3 ,1,1,1,1,1,2,1,1,1
Splott 8 ,1,1,1,1,1,2,2,1,1
Splott 4 ,1,1,2,2,2,4,2,1,1
Splott 5 ,1,1,1,1,2,3,1,1,1
Splott 6 ,1,1,1,1,1,1,1,1,1
Grangetown 5 ,1,1,3,1,3,3,2,1,1
Grangetown 6 ,1,2,2,1,3,4,2,1,1
Grangetown 7 ,1,1,3,1,1,4,3,1,1
Grangetown 9 ,1,1,2,1,2,4,2,1,1
Grangetown 3 ,1,1,2,1,2,3,2,1,1
Grangetown 4 ,1,1,1,1,1,2,3,1,1
Butetown 1 ,1,1,2,1,2,2,1,1,1
Butetown 3 ,1,1,2,2,2,2,1,1,1
Llanishen 2 ,2,2,2,3,3,2,3,2,3
Llanishen 10 ,2,2,2,1,3,3,3,2,2
Llandaff North 3 ,2,2,2,2,2,2,3,1,1
Llandaff North 6 ,2,2,2,2,2,4,3,1,2
Llanrumney 1 ,2,2,2,2,2,4,1,1,4
Trowbridge 9 ,2,1,2,2,2,1,1,1,4
Llanrumney 4 ,2,2,2,2,1,2,1,1,3
Rumney 6 ,2,1,2,2,1,4,2,1,4
Pentwyn 8 ,2,1,2,3,2,4,2,1,2
Pentwyn 4 ,2,1,3,3,2,2,3,2,2
Plasnewydd 9 ,2,3,4,3,2,2,3,1,1
Plasnewydd 1 ,2,3,4,3,2,4,2,1,1
Plasnewydd 4 ,2,4,4,4,1,2,2,1,1
Plasnewydd 5 ,2,2,2,4,5,4,2,1,1
Plasnewydd 6 ,2,2,3,2,3,3,2,1,1
Canton 2 ,2,2,3,3,3,4,4,1,1
Canton 5 ,2,2,3,3,4,5,3,1,1
Fairwater (Cardiff) 2 ,2,2,2,2,1,4,3,2,2
Fairwater (Cardiff) 3 ,2,2,2,2,2,3,2,3,4
Caerau (Cardiff) 5 ,2,2,2,2,3,4,2,1,2
Caerau (Cardiff) 1 ,2,2,2,2,1,3,3,3,5
Splott 2 ,2,2,3,2,2,4,1,1,1
Splott 7 ,2,2,2,2,1,3,1,1,4
Splott 1 ,2,2,2,1,2,4,2,1,1
Grangetown 8 ,2,2,3,2,2,4,3,1,1
Grangetown 2 ,2,2,3,2,3,4,2,1,1
Grangetown 11 ,2,1,2,2,1,2,1,3,3
Butetown 8 ,2,2,2,3,3,2,1,1,2
Llandaff North 2 ,3,3,3,3,3,4,2,1,1
Trowbridge 2 ,3,2,3,3,2,5,2,2,5
Llanrumney 5 ,3,3,3,3,3,3,2,2,3
Rumney 1 ,3,3,3,4,2,5,2,1,2
Pentwyn 9 ,3,3,3,1,3,4,4,1,4
Pentwyn 1 ,3,3,3,2,3,2,4,2,2
Pentwyn 6 ,3,3,3,3,3,4,3,1,2
Penylan 4 ,3,4,3,3,5,5,2,1,1
Penylan 5 ,3,4,3,3,5,4,1,1,2
Plasnewydd 3 ,3,3,4,4,3,4,2,1,1
Plasnewydd 8 ,3,4,4,4,5,4,2,1,1
Plasnewydd 10 ,3,4,5,3,4,4,3,1,1
Plasnewydd 11 ,3,3,5,2,4,3,2,1,1
Riverside 7 ,3,4,4,5,5,4,1,1,1
Canton 9 ,3,3,3,3,3,4,3,1,1
Canton 1 ,3,3,3,3,4,4,2,1,1
Canton 4 ,3,4,4,3,4,4,3,1,1
Fairwater (Cardiff) 8 ,3,3,3,3,4,4,2,1,2
Gabalfa 2 ,3,4,5,3,2,2,4,1,1
Cathays 1 ,3,4,5,4,2,2,4,1,1
Cathays 3 ,3,5,5,4,2,2,3,1,1
Cathays 8 ,3,4,5,3,3,3,3,1,1
Cathays 4 ,3,5,5,3,1,2,4,2,1
Cathays 6 ,3,5,5,4,1,2,4,1,1
Cathays 7 ,3,5,5,5,1,2,4,1,1
Cathays 9 ,3,5,5,5,1,2,3,1,1
Cathays 10 ,3,5,5,5,2,1,1,1,2
Cathays 11 ,3,5,5,5,5,1,1,1,1
Grangetown 1 ,3,2,3,2,4,4,1,1,4
Butetown 7 ,3,5,5,5,2,2,1,1,5
Whitchurch and Tongwynlais 2 ,4,4,4,4,5,3,3,2,5
Whitchurch and Tongwynlais 7 ,4,3,4,4,4,4,3,2,3
Whitchurch and Tongwynlais 3 ,4,4,3,4,5,4,3,1,4
Whitchurch and Tongwynlais 5 ,4,3,3,4,4,4,3,1,4
Llanishen 1 ,4,4,4,4,4,5,3,2,3
Llanishen 11 ,4,4,5,3,4,4,5,2,3
Llanishen 12 ,4,3,4,3,4,4,3,2,2
Llandaff North 5 ,4,4,4,4,4,5,2,1,3
Pontprennau/Old St. Mellons 1 ,4,3,3,3,3,4,2,1,5
Trowbridge 1 ,4,4,4,3,3,5,4,1,5
Trowbridge 6 ,4,3,4,3,3,5,3,1,5
Rumney 2 ,4,4,4,4,4,5,3,2,3
Rumney 3 ,4,4,4,4,3,4,2,1,4
Pentwyn 7 ,4,3,4,4,4,5,4,1,4
Pentwyn 10 ,4,2,4,3,3,5,4,1,3
Penylan 2 ,4,3,4,4,5,4,3,1,4
Riverside 4 ,4,4,4,4,5,4,2,1,2
Riverside 5 ,4,4,4,4,5,5,3,1,1
Riverside 6 ,4,4,4,5,5,5,2,1,1
Canton 7 ,4,4,4,5,5,5,4,2,2
Canton 8 ,4,4,4,5,5,4,3,1,1
Fairwater (Cardiff) 1 ,4,3,4,4,4,5,4,2,4
Fairwater (Cardiff) 6 ,4,4,5,3,4,5,2,2,4
Ely 7 ,4,4,4,3,3,3,3,2,5
Heath 2 ,4,4,5,4,5,4,1,2,4
Heath 7 ,4,4,4,4,4,5,4,1,3
Gabalfa 1 ,4,5,5,5,4,5,2,1,1
Gabalfa 3 ,4,4,5,4,5,4,3,1,1
Gabalfa 4 ,4,5,5,4,5,5,4,1,1
Cathays 2 ,4,5,5,5,4,4,4,1,1
Cathays 5 ,4,5,5,4,4,3,4,1,1
Butetown 4 ,4,5,5,5,1,4,1,1,5
Rhiwbina 2 ,5,5,5,5,5,4,5,2,5
Rhiwbina 5 ,5,5,5,5,5,5,4,1,5
Rhiwbina 6 ,5,5,5,5,5,5,5,2,5
Rhiwbina 7 ,5,5,5,5,5,5,5,1,5
Whitchurch and Tongwynlais 8 ,5,5,5,5,5,5,5,1,4
Heath 5 ,5,4,5,4,5,5,5,1,2
Rhiwbina 1 ,5,5,5,5,5,5,5,2,4
Rhiwbina 3 ,5,5,5,5,5,5,4,1,5
Rhiwbina 4 ,5,5,5,5,5,5,4,1,4
Whitchurch and Tongwynlais 1 ,5,5,5,5,5,5,4,2,4
Whitchurch and Tongwynlais 6 ,5,5,5,5,5,4,5,1,4
Whitchurch and Tongwynlais 10 ,5,5,5,5,5,5,3,2,3
Lisvane 1 ,5,5,5,5,5,4,4,2,5
Lisvane 2 ,5,5,5,5,5,5,5,1,5
Llanishen 4 ,5,5,5,5,5,5,5,1,5
Llanishen 9 ,5,5,5,5,5,4,5,2,5
Llanishen 3 ,5,5,5,5,5,5,5,2,5
Llanishen 5 ,5,5,5,5,5,5,5,2,5
Llanishen 6 ,5,4,4,5,4,5,5,2,5
Llanishen 8 ,5,5,5,5,5,5,5,3,5
Pontprennau/Old St. Mellons 2 ,5,4,4,5,4,5,4,2,5
Pontprennau/Old St. Mellons 3 ,5,5,5,5,5,5,3,2,5
Pontprennau/Old St. Mellons 4 ,5,5,5,5,5,4,2,1,5
Pontprennau/Old St. Mellons 5 ,5,4,4,4,4,5,4,1,5
Llanishen 7 ,5,4,4,4,4,5,3,2,5
Pentyrch 2 ,5,4,4,5,5,3,4,2,5
Radyr & Morganstown 1 ,5,5,5,5,5,3,5,1,5
Radyr & Morganstown 2 ,5,5,5,5,5,5,5,1,5
Radyr & Morganstown 3 ,5,5,5,5,5,5,4,3,5
Radyr & Morganstown 4 ,5,5,4,5,5,5,5,3,5
Creigiau/St. Fagans 1 ,5,5,4,5,5,5,3,3,5
Creigiau/St. Fagans 2 ,5,5,5,5,5,5,5,2,5
Creigiau/St. Fagans 3 ,5,5,5,5,5,4,2,3,5
Pentyrch 1 ,5,5,5,5,5,5,5,3,5
Llandaff 1 ,5,5,5,5,5,5,3,1,5
Llandaff 2 ,5,5,5,5,5,5,4,2,5
Llandaff 3 ,5,4,3,5,5,5,3,1,4
Llandaff 4 ,5,5,5,5,5,5,3,1,4
Llandaff 5 ,5,5,5,5,5,5,5,2,5
Llandaff 6 ,5,4,4,5,4,5,4,2,5
Cyncoed 1 ,5,5,5,5,5,5,5,1,5
Cyncoed 2 ,5,5,5,5,5,5,5,2,4
Cyncoed 7 ,5,5,5,5,5,5,5,1,5
Cyncoed 3 ,5,5,5,5,5,5,5,1,4
Cyncoed 4 ,5,5,5,5,5,5,5,1,4
Cyncoed 5 ,5,5,5,5,5,5,5,2,5
Cyncoed 6 ,5,5,5,5,5,5,4,2,5
Penylan 1 ,5,5,5,4,5,4,5,1,4
Penylan 6 ,5,5,5,5,5,5,4,1,3
Penylan 7 ,5,5,5,5,5,4,5,2,5
Penylan 8 ,5,5,5,5,5,4,5,1,4
Penylan 3 ,5,5,5,5,5,5,4,1,3
Canton 6 ,5,5,5,5,5,5,3,1,4
Ely 9 ,5,4,5,4,4,4,3,2,5
Heath 1 ,5,5,5,5,5,5,5,2,5
Heath 3 ,5,5,5,5,5,5,5,1,4
Heath 6 ,5,5,5,5,5,5,5,2,4
Heath 4 ,5,5,4,4,5,5,5,1,4
Heath 8 ,5,5,5,5,5,5,5,1,4
Whitchurch and Tongwynlais 4 ,5,5,5,4,5,4,4,1,4
Butetown 2 ,5,5,5,5,3,3,5,2,5
Butetown 5 ,5,5,5,5,4,4,4,1,5
Grangetown 10 ,5,5,5,5,3,4,3,1,5
Grangetown 12 ,5,5,5,5,4,4,1,1,5
Butetown 6 ,5,5,5,5,4,4,3,2,4
Aberaman North 2 ,1,1,1,1,1,3,2,4,2
Aberaman South 2 ,1,1,1,2,1,2,3,2,1
Aberaman South 3 ,1,1,1,1,1,4,2,1,1
Mountain Ash West 2 ,1,1,1,1,1,2,2,2,3
Mountain Ash West 3 ,1,2,1,2,2,4,3,4,1
Penrhiwceiber 1 ,1,1,1,1,1,1,3,4,1
Penrhiwceiber 2 ,1,2,1,1,1,3,4,4,2
Penrhiwceiber 4 ,1,1,1,1,1,3,4,3,4
Abercynon 2 ,1,1,1,1,1,1,2,5,1
Hirwaun 3 ,1,1,1,1,1,4,2,3,3
Pen-y-waun 1 ,1,1,1,1,1,2,2,3,4
Pen-y-waun 2 ,1,1,1,1,1,1,2,4,2
Aberdare East 4 ,1,2,1,2,1,3,1,1,1
Cwmbach 2 ,1,1,1,1,2,1,2,1,4
Maerdy 1 ,1,1,1,1,1,3,1,3,2
Maerdy 2 ,1,1,1,1,1,2,2,3,3
Tylorstown 1 ,1,1,1,1,1,1,1,2,1
Tylorstown 2 ,1,1,1,1,1,3,2,2,1
Tylorstown 3 ,1,1,1,1,1,2,1,4,1
Ynyshir 1 ,1,1,1,1,1,1,3,3,2
Cymmer (Rhondda Cynon Taf) 3 ,1,1,1,1,1,3,2,5,2
Cymmer (Rhondda Cynon Taf) 4 ,1,1,1,1,1,2,2,4,4
Treherbert 2 ,1,1,1,1,1,2,2,1,3
Treherbert 3 ,1,1,1,1,1,2,3,4,1
Treherbert 4 ,1,1,1,2,1,4,2,1,1
Pentre 3 ,1,1,1,1,1,4,1,1,3
Llwyn-y-pia 2 ,1,1,1,1,2,3,1,3,1
Trealaw 2 ,1,1,1,1,1,1,2,2,2
Ystrad 4 ,1,1,1,1,1,2,2,1,2
Cwm Clydach 1 ,1,1,1,1,1,2,3,4,1
Pen-y-graig 1 ,1,1,1,1,1,4,2,4,2
Pen-y-graig 3 ,1,1,1,1,1,3,2,1,1
Trealaw 3 ,1,1,1,1,2,3,2,2,1
Gilfach Goch 2 ,1,1,1,1,1,2,3,4,3
Tonyrefail West 3 ,1,1,1,1,1,2,2,3,4
Tonyrefail East 3 ,1,1,1,1,1,2,3,5,3
Llanharry 2 ,1,1,1,1,1,4,4,3,4
Glyncoch 1 ,1,1,1,1,1,1,2,4,3
Ynysybwl 1 ,1,1,1,1,1,3,3,3,1
Graig (Rhondda Cynon Taf) 2 ,1,2,1,1,1,2,1,3,2
Rhydfelen Central / Llan 1 ,1,1,1,1,1,2,3,3,2
Rhydfelen Central / Llan 2 ,1,1,1,1,1,1,1,2,2
Rhydfelen Central / Llan 3 ,1,1,1,1,1,2,2,3,4
Tyn-y-nant 3 ,1,1,1,1,1,3,2,4,2
Aberaman North 1 ,2,1,1,2,2,3,3,2,2
Aberaman South 1 ,2,2,1,2,1,3,2,3,2
Mountain Ash East 2 ,2,2,1,2,3,2,2,2,2
Mountain Ash West 1 ,2,2,2,1,3,4,2,5,2
Penrhiwceiber 3 ,2,1,2,1,2,2,4,3,1
Abercynon 3 ,2,2,2,1,2,3,2,3,2
Hirwaun 2 ,2,3,2,2,2,4,3,3,2
Rhigos ,2,3,3,2,2,1,2,5,4
Aberdare East 2 ,2,2,2,3,3,4,1,1,1
Aberdare West/Llwydcoed 3 ,2,1,1,2,1,5,3,2,4
Aberdare West/Llwydcoed 5 ,2,2,2,2,3,5,3,1,1
Aberdare East 3 ,2,2,2,2,2,3,2,3,2
Aberdare West/Llwydcoed 4 ,2,2,1,1,2,2,3,3,3
Cwmbach 1 ,2,2,2,3,2,4,1,3,2
Ferndale 1 ,2,2,2,2,4,5,4,2,1
Ferndale 3 ,2,2,1,2,3,3,4,3,1
Ferndale 2 ,2,2,2,2,2,5,3,2,1
Cymmer (Rhondda Cynon Taf) 1 ,2,3,2,3,2,2,3,2,2
Porth 1 ,2,3,2,3,2,4,2,1,2
Porth 3 ,2,2,2,1,2,2,3,1,2
Porth 4 ,2,2,2,2,2,3,2,2,3
Treherbert 1 ,2,2,1,1,3,4,4,1,1
Treorchy 2 ,2,2,2,3,3,5,2,1,2
Treorchy 3 ,2,2,1,1,2,3,2,3,1
Treorchy 4 ,2,2,1,2,2,3,4,2,2
Pentre 1 ,2,2,2,2,3,5,2,1,1
Pentre 4 ,2,2,2,2,2,4,4,1,1
Llwyn-y-pia 1 ,2,2,2,2,2,4,2,2,2
Ystrad 1 ,2,3,2,2,1,4,2,2,2
Ystrad 2 ,2,2,2,2,2,5,3,1,1
Ystrad 3 ,2,1,2,1,1,4,2,2,2
Cwm Clydach 2 ,2,2,2,2,2,3,2,3,2
Tonypandy 1 ,2,2,2,2,2,4,3,2,2
Tonypandy 2 ,2,2,2,2,2,5,2,1,1
Pen-y-graig 2 ,2,2,2,3,2,5,2,1,2
Pen-y-graig 4 ,2,2,2,2,2,4,2,3,2
Trealaw 1 ,2,2,2,2,2,4,3,4,2
Tonyrefail West 1 ,2,2,2,2,2,2,4,3,2
Tonyrefail East 1 ,2,2,2,2,2,4,2,3,4
Llanharan 1 ,2,2,2,1,3,5,4,3,3
Talbot Green 2 ,2,2,1,1,3,3,2,2,4
Glyncoch 2 ,2,2,1,1,2,2,2,4,3
Ynysybwl 2 ,2,3,3,3,2,1,3,2,4
Cilfynydd 2 ,2,3,2,2,2,4,3,2,2
Trallwng 1 ,2,2,3,2,2,5,3,1,1
Trallwng 3 ,2,2,2,2,2,4,1,1,2
Graig (Rhondda Cynon Taf) 1 ,2,2,3,2,1,3,1,5,1
Rhondda 1 ,2,3,3,2,3,2,2,2,2
Rhondda 2 ,2,1,2,1,2,2,3,2,4
Hawthorn 2 ,2,2,1,1,1,4,4,2,3
Treforest 1 ,2,3,3,2,2,2,2,2,1
Church Village 1 ,2,1,2,2,2,3,2,3,3
Beddau 2 ,2,2,2,2,2,4,2,5,3
Tyn-y-nant 2 ,2,2,3,2,1,5,2,2,2
Aberaman North 3 ,3,2,2,2,2,4,3,4,2
Mountain Ash East 1 ,3,3,3,3,3,2,1,4,4
Abercynon 1 ,3,3,3,3,3,3,2,3,3
Abercynon 4 ,3,4,3,3,2,4,4,3,2
Hirwaun 1 ,3,3,2,2,3,5,4,1,5
Aberdare East 1 ,3,3,3,3,4,3,3,1,3
Ynyshir 2 ,3,3,3,2,2,4,5,1,2
Cymmer (Rhondda Cynon Taf) 2 ,3,3,2,2,3,3,2,3,3
Treorchy 1 ,3,3,2,3,3,5,2,1,4
Treorchy 5 ,3,3,2,3,4,5,4,1,2
Gilfach Goch 1 ,3,2,2,2,3,3,4,4,3
Tonyrefail West 4 ,3,3,3,2,2,4,4,2,3
Tonyrefail East 2 ,3,3,3,2,3,1,1,3,4
Llantrisant Town 3 ,3,3,3,3,3,2,4,4,4
Cilfynydd 1 ,3,2,2,3,2,5,3,2,2
Pontypridd Town 2 ,3,3,3,3,4,3,1,2,4
Treforest 2 ,3,4,4,3,1,2,4,2,1
Treforest 3 ,3,5,5,4,1,2,4,1,1
Hawthorn 1 ,3,3,4,3,3,4,3,1,3
Taffs Well 2 ,3,3,3,4,3,3,5,2,2
Aberdare West/Llwydcoed 2 ,4,4,3,3,4,2,3,3,3
Aberdare West/Llwydcoed 1 ,4,4,3,3,4,4,3,2,5
Porth 2 ,4,3,3,3,4,4,5,4,2
Pentre 2 ,4,4,4,4,4,5,3,1,5
Brynna 2 ,4,4,4,2,3,4,4,4,5
Talbot Green 1 ,4,5,3,3,5,5,2,2,5
Pont-y-clun 4 ,4,3,3,2,4,5,5,3,4
Trallwng 2 ,4,4,3,3,5,4,5,4,4
Pontypridd Town 1 ,4,4,3,4,5,2,4,3,4
Rhondda 3 ,4,4,4,3,4,3,2,3,3
Ton-teg 1 ,4,4,4,3,3,4,3,4,5
Ton-teg 3 ,4,3,3,3,3,5,2,4,4
Taffs Well 1 ,4,4,4,3,4,3,3,2,4
Beddau 1 ,4,4,4,3,4,5,4,2,5
Aberdare West/Llwydcoed 6 ,5,5,5,5,5,5,5,5,5
Cwmbach 3 ,5,5,4,3,3,5,3,2,5
Tonyrefail West 2 ,5,5,5,4,4,4,5,2,5
Tonyrefail East 4 ,5,5,4,4,5,3,5,4,4
Brynna 1 ,5,5,5,3,3,5,5,4,4
Llanharan 2 ,5,5,5,4,4,4,4,1,5
Llantrisant Town 1 ,5,5,5,5,4,4,5,3,5
Llantrisant Town 2 ,5,5,5,5,5,4,5,2,5
Llanharry 1 ,5,5,5,4,4,5,5,2,5
Pont-y-clun 1 ,5,5,5,4,5,5,5,2,5
Pont-y-clun 2 ,5,5,5,5,5,5,5,2,5
Pont-y-clun 3 ,5,5,5,5,5,5,5,3,5
Ynysybwl 3 ,5,5,4,3,4,3,5,4,5
Ton-teg 2 ,5,5,4,4,5,5,3,1,5
Llantwit Fardre 1 ,5,5,4,4,4,5,5,4,5
Llantwit Fardre 2 ,5,5,5,5,5,4,5,3,5
Llantwit Fardre 3 ,5,4,4,4,5,5,5,3,5
Llantwit Fardre 4 ,5,4,4,4,4,5,4,4,4
Church Village 2 ,5,5,5,5,5,5,4,3,5
Church Village 3 ,5,5,5,5,5,5,5,4,5
Beddau 3 ,5,4,4,5,5,5,5,3,5
Tyn-y-nant 1 ,5,5,5,4,3,5,4,2,4
Cyfarthfa 2 ,1,1,1,1,1,1,1,3,3
Park 3 ,1,1,1,1,2,2,1,1,1
Town 1 ,1,2,1,2,2,2,1,1,1
Merthyr Vale 2 ,1,1,1,1,1,1,2,1,1
Dowlais 1 ,1,1,1,1,1,2,1,1,1
Dowlais 4 ,1,2,1,1,2,4,1,2,1
Gurnos 1 ,1,1,1,1,1,1,1,5,3
Gurnos 2 ,1,1,1,1,1,1,1,5,3
Gurnos 3 ,1,1,1,1,1,2,1,4,2
Penydarren 1 ,1,1,1,1,1,1,2,4,1
Penydarren 2 ,1,1,1,1,2,2,3,4,2
Cyfarthfa 3 ,2,2,2,2,3,3,1,2,2
Plymouth (Merthyr Tydfil) 3 ,2,3,3,2,3,2,3,1,2
Town 3 ,2,2,2,1,2,1,3,2,3
Bedlinog 1 ,2,2,2,2,1,2,3,5,1
Merthyr Vale 1 ,2,2,2,1,1,2,3,2,1
Plymouth (Merthyr Tydfil) 1 ,2,2,1,2,2,2,2,2,2
Plymouth (Merthyr Tydfil) 2 ,2,2,2,3,2,5,3,1,1
Bedlinog 2 ,2,2,2,2,2,2,4,3,2
Treharris 3 ,2,2,2,2,2,3,2,4,2
Treharris 4 ,2,2,2,2,2,4,2,2,1
Dowlais 3 ,2,3,2,2,2,3,3,2,1
Penydarren 4 ,2,3,3,2,3,4,3,3,1
Park 1 ,2,3,2,3,3,3,2,1,2
Vaynor 1 ,2,2,2,2,2,1,3,5,5
Town 4 ,3,4,3,3,3,3,2,1,2
Merthyr Vale 3 ,3,3,3,3,2,4,4,3,1
Treharris 2 ,3,3,2,2,3,3,4,4,3
Dowlais 2 ,3,3,3,3,3,3,2,3,2
Penydarren 3 ,3,3,3,3,3,3,2,2,2
Cyfarthfa 1 ,3,3,3,3,3,2,4,5,5
Park 2 ,3,4,3,3,4,3,1,3,2
Vaynor 2 ,3,3,2,3,3,4,3,5,3
Town 2 ,4,4,4,3,4,3,4,3,2
Treharris 1 ,5,5,5,4,4,3,5,3,5
Cyfarthfa 4 ,5,5,5,4,5,4,5,3,4
Moriah 2 ,1,1,1,1,2,4,1,1,2
Moriah 3 ,1,1,1,1,1,2,1,2,2
Pontlottyn ,1,1,1,2,1,3,1,3,3
Twyn Carno 1 ,1,1,1,1,1,2,1,2,4
Darren Valley 2 ,1,1,1,1,1,2,2,4,2
New Tredegar 2 ,1,1,1,1,1,2,1,4,1
New Tredegar 3 ,1,1,1,1,1,1,1,3,1
Aberbargoed 1 ,1,2,1,1,1,2,1,4,3
Aberbargoed 2 ,1,1,1,1,1,4,1,4,1
Bargoed 4 ,1,1,1,1,1,1,1,5,3
Argoed (Caerphilly) 1 ,1,1,1,1,1,4,2,5,2
Crumlin 3 ,1,1,1,1,1,2,2,3,4
Newbridge 2 ,1,1,1,1,1,1,2,4,3
Cefn Fforest 1 ,1,1,2,2,1,5,2,3,2
St. Cattwg 1 ,1,1,1,1,1,3,1,2,3
St. Cattwg 5 ,1,2,2,1,1,2,1,2,2
Hengoed (Caerphilly) 2 ,1,1,1,1,1,3,2,3,3
Aber Valley 3 ,1,1,1,1,2,3,3,3,1
Aber Valley 4 ,1,1,2,1,1,3,2,5,1
Penyrheol (Caerphilly) 8 ,1,1,1,1,1,2,2,3,4
Bedwas Trethomas and Machen 2 ,1,1,1,1,1,4,2,3,2
Bedwas Trethomas and Machen 6 ,1,1,1,1,1,2,2,4,3
Morgan Jones 2 ,1,1,1,1,1,2,1,1,3
St. James 3 ,1,1,1,1,1,2,1,1,2
St. James 4 ,1,1,1,2,1,2,1,2,3
Penyrheol (Caerphilly) 4 ,1,1,1,1,1,2,2,1,3
Moriah 1 ,2,2,1,1,1,5,3,3,2
Twyn Carno 2 ,2,2,1,2,3,3,1,2,3
New Tredegar 1 ,2,3,2,2,2,4,1,4,2
Gilfach ,2,2,1,2,2,4,2,3,2
Bargoed 1 ,2,2,1,1,3,3,1,4,3
Bargoed 2 ,2,2,2,2,3,5,1,3,2
Bargoed 3 ,2,2,2,2,1,5,1,3,1
Argoed (Caerphilly) 2 ,2,3,3,4,3,1,2,4,1
Blackwood 2 ,2,1,1,2,1,3,1,4,4
Pontllanfraith 1 ,2,2,2,3,2,2,2,2,4
Pontllanfraith 2 ,2,2,1,1,3,2,2,3,3
Pontllanfraith 5 ,2,2,2,3,2,3,3,3,4
Abercarn 2 ,2,2,2,2,2,3,3,4,3
Abercarn 3 ,2,3,3,2,1,5,2,4,1
Crosskeys 2 ,2,2,2,2,3,3,2,3,3
Risca East 2 ,2,2,2,2,1,2,2,3,3
Risca East 4 ,2,2,2,2,2,3,2,2,4
Risca West 3 ,2,2,2,2,2,3,2,1,2
Cefn Fforest 2 ,2,2,1,2,2,4,1,3,4
Pengam 1 ,2,2,2,2,2,3,2,3,1
Pengam 2 ,2,1,1,2,1,4,1,4,3
St. Cattwg 2 ,2,3,2,1,3,4,3,3,3
Hengoed (Caerphilly) 1 ,2,2,2,2,2,3,2,2,3
Hengoed (Caerphilly) 3 ,2,2,2,2,2,4,2,3,2
Nelson 2 ,2,2,2,2,2,3,2,4,2
Ystrad Mynach 2 ,2,3,2,2,3,5,1,1,1
Aber Valley 1 ,2,2,2,2,2,4,3,4,3
Aber Valley 2 ,2,2,2,2,2,5,4,3,2
Llanbradach 3 ,2,1,2,2,2,3,2,2,2
Penyrheol (Caerphilly) 1 ,2,2,1,2,1,4,2,2,3
Penyrheol (Caerphilly) 3 ,2,2,2,2,2,3,2,1,2
St. Martins 2 ,2,2,3,2,3,3,1,2,1
Darren Valley 1 ,3,3,3,2,3,3,2,5,1
Blackwood 1 ,3,3,3,3,3,4,1,2,3
Crumlin 4 ,3,3,3,3,3,4,2,2,2
Penmaen 2 ,3,3,3,2,2,5,4,3,2
Blackwood 4 ,3,3,3,3,3,5,1,3,2
Pontllanfraith 3 ,3,3,3,4,3,4,1,3,4
Newbridge 3 ,3,3,3,3,4,5,2,2,4
Newbridge 4 ,3,2,3,2,3,4,1,1,2
Abercarn 1 ,3,4,3,3,3,4,1,2,1
Ynysddu 1 ,3,3,3,2,3,3,2,4,2
Ynysddu 2 ,3,3,3,3,3,2,3,4,3
Risca West 1 ,3,3,2,3,3,5,2,2,2
Risca West 2 ,3,3,2,3,3,5,1,1,4
Pengam 3 ,3,3,3,2,3,5,2,2,2
St. Cattwg 3 ,3,3,2,2,3,4,3,3,4
Maesycwmmer ,3,3,3,3,3,2,3,2,4
Nelson 1 ,3,3,3,3,3,5,2,3,3
Llanbradach 1 ,3,3,3,3,3,4,4,2,4
Llanbradach 2 ,3,3,3,3,2,5,2,3,2
Bedwas Trethomas and Machen 5 ,3,3,3,2,3,5,2,2,3
Bedwas Trethomas and Machen 7 ,3,2,3,3,2,4,2,3,2
Morgan Jones 4 ,3,3,3,3,4,5,1,1,1
Morgan Jones 1 ,3,3,3,2,4,3,2,2,4
Crumlin 1 ,4,4,5,4,4,4,4,1,2
Penmaen 3 ,4,4,3,3,4,4,3,4,4
Newbridge 1 ,4,4,3,3,3,5,3,2,3
Crosskeys 1 ,4,3,3,4,3,4,3,4,3
Risca East 1 ,4,4,4,3,3,4,2,2,2
Risca East 3 ,4,4,4,4,4,4,2,3,3
Nelson 3 ,4,3,3,3,4,5,4,3,5
Ystrad Mynach 1 ,4,3,3,3,3,4,3,3,4
Penyrheol (Caerphilly) 5 ,4,4,3,3,3,4,4,5,4
St. James 1 ,4,4,4,4,5,1,1,3,4
Morgan Jones 3 ,4,4,3,3,3,5,2,1,4
St. James 2 ,4,4,4,4,4,4,4,1,4
Penyrheol (Caerphilly) 7 ,4,3,3,3,4,4,4,1,5
St. Martins 3 ,4,4,4,4,4,4,2,3,4
Blackwood 5 ,5,5,4,5,5,4,3,4,5
Crumlin 2 ,5,4,4,4,4,4,4,3,5
Penmaen 1 ,5,5,4,4,5,5,3,3,5
Blackwood 3 ,5,5,4,5,5,5,3,3,5
Pontllanfraith 4 ,5,5,4,4,4,5,5,3,4
St. Cattwg 4 ,5,5,4,3,4,5,3,2,5
Ystrad Mynach 3 ,5,5,5,4,5,3,1,1,5
Bedwas Trethomas and Machen 1 ,5,5,5,4,4,4,4,3,5
Bedwas Trethomas and Machen 3 ,5,5,5,4,4,5,4,1,5
Bedwas Trethomas and Machen 4 ,5,4,4,5,4,5,4,3,4
Penyrheol (Caerphilly) 2 ,5,5,5,5,5,5,5,3,4
Penyrheol (Caerphilly) 6 ,5,4,5,3,5,5,4,3,5
St. Martins 1 ,5,5,5,4,5,4,3,1,4
St. Martins 4 ,5,5,4,5,5,5,2,2,5
St. Martins 5 ,5,5,5,5,5,5,5,2,5
Beaufort 2 ,1,1,1,1,1,1,1,4,3
Rassau 2 ,1,1,1,1,1,2,2,2,3
Brynmawr 2 ,1,1,1,1,1,2,2,3,2
Sirhowy 2 ,1,1,1,1,1,1,1,3,4
Tredegar Central and West 3 ,1,1,1,1,2,2,2,3,3
Ebbw Vale North 1 ,1,1,1,2,2,3,1,3,1
Ebbw Vale North 2 ,1,1,1,1,1,1,1,4,4
Blaina 1 ,1,2,1,1,1,4,1,4,2
Nantyglo 1 ,1,1,2,1,1,2,1,4,2
Nantyglo 2 ,1,2,1,1,1,3,1,4,2
Nantyglo 3 ,1,1,1,1,1,2,1,4,3
Tredegar Central and West 2 ,1,1,1,1,1,1,1,3,3
Tredegar Central and West 4 ,1,1,1,1,2,3,1,1,4
Cwm 2 ,1,1,1,1,1,4,1,2,2
Ebbw Vale South 1 ,1,1,1,1,1,1,1,2,1
Abertillery 2 ,1,2,1,2,1,4,1,2,1
Cwmtillery 1 ,1,1,1,1,1,2,1,5,2
Llanhilleth 1 ,1,1,1,1,2,2,3,4,2
Llanhilleth 2 ,1,1,1,1,2,1,2,2,3
Llanhilleth 3 ,1,2,1,2,1,2,1,1,1
Six Bells 1 ,1,1,1,2,1,2,1,3,1
Beaufort 1 ,2,2,2,3,2,3,3,4,3
Brynmawr 3 ,2,2,1,2,3,5,1,3,2
Brynmawr 4 ,2,2,1,2,2,4,1,3,4
Sirhowy 3 ,2,2,1,2,2,1,1,3,5
Badminton 1 ,2,2,2,2,2,3,2,3,5
Blaina 2 ,2,2,2,2,1,3,2,2,4
Blaina 3 ,2,3,2,2,3,4,2,5,1
Cwm 1 ,2,2,2,2,3,3,2,3,2
Ebbw Vale South 2 ,2,2,2,3,3,2,1,3,1
Ebbw Vale South 3 ,2,2,2,2,2,3,1,2,2
Abertillery 1 ,2,3,2,2,2,4,1,1,1
Cwmtillery 2 ,2,2,2,2,1,2,1,4,1
Cwmtillery 3 ,2,2,2,2,2,4,2,3,2
Six Bells 2 ,2,2,3,3,2,3,2,3,1
Rassau 1 ,3,4,3,4,3,3,2,2,5
Brynmawr 1 ,3,3,3,2,2,5,2,2,3
Sirhowy 1 ,3,4,3,3,4,2,2,2,4
Sirhowy 4 ,3,3,3,3,4,3,1,1,1
Ebbw Vale North 3 ,3,3,3,3,3,4,2,3,2
Georgetown 1 ,3,3,2,2,4,2,2,5,3
Tredegar Central and West 1 ,3,3,3,3,3,4,1,3,2
Abertillery 3 ,3,3,2,3,3,5,2,3,1
Beaufort 3 ,4,4,4,4,4,5,2,2,3
Badminton 2 ,4,4,3,2,3,4,3,3,4
Georgetown 2 ,4,3,3,3,4,5,3,4,1
Cwm 3 ,4,4,4,4,3,1,2,5,2
Blaenavon 2 ,1,1,1,1,1,3,2,2,2
Abersychan 1 ,1,2,2,1,1,2,2,3,2
Abersychan 2 ,1,1,1,1,2,3,2,1,4
Abersychan 4 ,1,1,1,1,1,2,1,5,4
St. Cadocs and Penygarn ,1,1,2,1,1,4,1,4,3
Snatchwood ,1,2,1,2,2,4,1,1,2
Trevethin 1 ,1,1,1,1,1,2,1,3,3
Trevethin 2 ,1,2,2,1,1,2,1,2,2
Brynwern ,1,2,2,1,2,3,1,4,1
Cwmyniscoy ,1,2,1,2,1,1,1,1,1
Pontnewydd 1 ,1,1,1,1,1,2,1,1,3
Greenmeadow 1 ,1,1,1,1,1,3,1,4,4
Greenmeadow 3 ,1,1,2,1,1,3,1,2,2
Upper Cwmbran 1 ,1,1,1,1,1,2,1,4,3
Upper Cwmbran 3 ,1,1,1,2,1,3,2,2,3
Llantarnam 3 ,1,1,1,1,2,3,1,2,2
St. Dials 1 ,1,1,1,1,1,2,1,2,4
Two Locks 1 ,1,1,2,1,1,2,1,2,2
Fairwater (Torfaen) 2 ,1,1,2,1,1,4,1,2,4
Blaenavon 1 ,2,2,2,3,2,4,1,2,4
Blaenavon 3 ,2,2,2,2,1,3,1,2,1
Pontnewynydd ,2,2,2,2,2,3,2,3,1
Pontypool ,2,2,1,2,2,3,1,3,3
Wainfelin 2 ,2,2,2,2,2,1,2,3,1
Panteg 3 ,2,2,2,1,2,1,3,3,4
Pontnewydd 4 ,2,2,2,2,3,3,2,2,4
Upper Cwmbran 4 ,2,2,2,1,1,4,2,4,3
St. Dials 2 ,2,2,2,2,4,4,2,3,4
St. Dials 3 ,2,3,2,3,2,3,1,2,2
Fairwater (Torfaen) 1 ,2,2,2,2,2,4,1,2,3
Blaenavon 4 ,3,2,3,3,2,5,1,2,1
Abersychan 3 ,3,3,3,3,3,3,2,4,2
Abersychan 5 ,3,3,2,2,3,4,1,3,3
Wainfelin 1 ,3,4,3,3,3,4,2,3,1
New Inn 2 ,3,3,3,2,3,4,4,3,3
Croesyceiliog North 1 ,3,3,2,2,2,3,4,1,3
Llantarnam 1 ,3,3,3,2,3,2,3,2,2
Pontnewydd 2 ,3,3,4,3,3,4,2,1,2
Pontnewydd 3 ,3,2,2,2,2,5,2,2,4
Two Locks 3 ,3,3,3,3,3,3,3,2,5
New Inn 1 ,4,3,3,4,3,4,3,2,3
Panteg 2 ,4,4,4,3,4,5,2,3,1
Croesyceiliog South ,4,4,4,3,3,4,3,2,5
Llanyrafon North ,4,3,3,4,4,4,4,1,4
Llantarnam 2 ,4,4,4,4,4,3,3,2,4
Upper Cwmbran 2 ,4,4,4,3,3,4,2,4,5
Fairwater (Torfaen) 3 ,4,3,3,3,3,5,3,3,5
Coed Eva ,4,3,3,3,3,4,2,3,5
Two Locks 4 ,4,3,3,3,4,3,5,4,5
New Inn 3 ,5,5,5,5,5,5,5,2,5
New Inn 4 ,5,5,4,5,5,4,4,2,5
Panteg 1 ,5,5,4,3,4,5,2,3,4
Panteg 4 ,5,5,5,4,4,5,4,2,3
Panteg 5 ,5,5,4,4,4,4,4,3,5
Croesyceiliog North 2 ,5,4,4,4,3,5,4,2,4
Llanyrafon South 1 ,5,5,3,4,4,4,4,2,5
Llanyrafon South 2 ,5,5,5,5,5,5,5,1,5
Fairwater (Torfaen) 4 ,5,5,4,4,5,5,5,2,5
Greenmeadow 2 ,5,4,5,4,4,5,1,4,5
Two Locks 2 ,5,5,5,5,5,3,4,4,5
Cantref 2 ,1,1,2,1,2,3,1,2,2
Thornwell 1 ,2,1,2,1,2,2,3,2,4
West End ,2,2,2,2,2,3,3,1,3
Lansdown ,2,2,2,2,3,2,2,4,4
Croesonen ,2,2,2,2,3,2,3,3,4
Overmonnow 2 ,2,2,1,2,1,2,3,1,5
Llanover 1 ,2,4,2,5,5,1,3,3,2
St. Mary's ,3,3,3,3,4,4,1,1,2
Thornwell 2 ,3,3,3,3,2,3,3,2,4
Dewstow & Green Lane 2 ,3,3,3,2,2,4,4,2,3
Severn 2 ,3,2,2,3,2,5,3,1,5
Dewstow ,3,3,3,3,3,2,3,2,4
Grofield ,3,3,2,3,4,4,1,2,2
Priory 2 ,3,3,2,3,4,3,3,3,3
Llanelly Hill 2 ,3,3,3,4,3,1,4,3,3
Castle & Llanfoist Fawr ,3,4,3,4,4,1,2,2,5
Overmonnow 1 ,3,3,4,4,2,5,3,1,3
Wyesham ,3,3,4,4,2,2,3,1,4
Llanover 2 ,3,4,3,4,3,1,3,2,1
Goetre Fawr 2 ,4,4,3,3,4,1,5,4,5
Llanbadoc ,4,5,5,5,5,1,3,1,2
Llangybi Fawr ,4,5,5,5,5,1,4,2,2
Usk 1 ,4,4,4,4,5,5,5,1,3
Devauden ,4,5,5,5,5,1,5,3,3
St. Arvans ,4,5,5,5,5,1,4,2,1
Trellech United 1 ,4,4,5,5,5,1,5,4,1
Trellech United 2 ,4,5,5,5,5,1,5,4,2
Larkfield ,4,4,4,4,3,5,4,3,4
St. Christopher's ,4,3,4,3,3,4,4,2,4
Caerwent ,4,5,5,5,5,1,4,3,4
Rogiet ,4,4,4,4,3,2,3,1,4
Crucorney ,4,5,5,5,5,1,5,3,1
Mardy 2 ,4,4,3,4,5,1,3,4,3
Priory 1 ,4,5,4,5,5,2,2,1,5
Llanelly Hill 3 ,4,3,4,4,4,4,5,4,5
Llanwenarth Ultra ,4,4,4,4,4,1,4,5,4
Drybridge 1 ,4,4,4,4,4,1,4,2,5
Drybridge 2 ,4,4,4,5,5,4,2,1,1
Llantilio Crossenny ,4,5,5,5,5,1,5,3,2
Mitchel Troy ,4,5,5,5,4,1,3,4,1
Raglan ,4,5,5,5,5,1,5,2,4
Goetre Fawr 1 ,5,5,5,5,5,1,5,4,5
Usk 2 ,5,5,5,5,5,5,5,1,5
St. Kingsmark 1 ,5,5,5,5,5,5,5,3,5
St. Kingsmark 2 ,5,5,5,5,5,5,4,3,5
Caldicot Castle 1 ,5,5,5,5,5,1,4,3,5
Portskewett ,5,5,5,4,5,2,5,2,5
Shirenewton ,5,5,5,5,5,1,3,2,5
Severn 1 ,5,5,4,4,4,5,4,1,5
Mill 1 ,5,4,4,4,5,5,4,1,5
Mill 2 ,5,5,5,5,5,2,3,1,4
Mill 3 ,5,5,5,5,5,4,5,1,5
The Elms ,5,5,5,5,5,4,5,1,5
Cantref 1 ,5,5,4,5,5,3,5,2,5
Llanelly Hill 1 ,5,5,5,4,5,4,5,4,5
Dixton with Osbaston ,5,5,5,5,5,3,5,2,5
Beechwood 3 ,1,1,1,2,1,2,2,2,4
Ringland 1 ,1,1,3,2,1,3,1,1,4
Ringland 2 ,1,1,1,2,1,2,1,1,4
Ringland 4 ,1,1,1,1,1,2,1,1,3
Ringland 5 ,1,1,1,1,1,1,2,1,2
Ringland 6 ,1,1,1,2,1,3,1,2,3
Malpas 2 ,1,1,1,1,1,2,1,3,4
Bettws (Newport) 1 ,1,1,1,1,1,2,1,3,4
Bettws (Newport) 2 ,1,1,1,1,1,2,1,2,4
Bettws (Newport) 3 ,1,1,1,1,1,2,1,2,4
Bettws (Newport) 4 ,1,2,2,1,1,2,1,2,3
Bettws (Newport) 5 ,1,1,1,1,1,2,1,4,4
Allt-yr-yn 2 ,1,1,1,1,2,1,1,1,1
Shaftesbury 1 ,1,1,1,1,2,2,1,1,1
Stow Hill 1 ,1,1,2,2,3,2,1,1,1
Stow Hill 3 ,1,1,1,2,1,3,1,1,1
Pillgwenlly 1 ,1,1,1,1,1,2,1,1,1
Pillgwenlly 2 ,1,1,2,1,1,2,1,1,1
Pillgwenlly 3 ,1,1,1,1,1,1,1,1,1
Pillgwenlly 4 ,1,1,1,1,1,2,1,2,1
St. Julians 2 ,1,2,2,3,1,3,1,1,1
Victoria 2 ,1,1,1,1,2,3,1,1,1
Victoria 3 ,1,1,2,1,1,3,1,1,1
Liswerry 1 ,1,2,2,3,1,3,1,1,1
Liswerry 2 ,1,1,2,1,2,2,1,1,1
Victoria 1 ,1,2,2,2,1,4,1,1,1
Victoria 4 ,1,1,1,1,1,2,1,1,1
Alway 2 ,1,1,1,1,1,3,1,1,1
Alway 4 ,1,1,1,1,1,3,1,1,3
Liswerry 5 ,1,1,2,1,1,2,1,1,2
Gaer 2 ,1,1,1,1,2,2,2,3,5
Gaer 5 ,1,1,2,1,1,2,1,2,3
Tredegar Park 2 ,1,1,1,1,1,1,1,1,4
Caerleon 6 ,2,1,1,2,3,3,2,2,5
Llanwern 2 ,2,2,3,2,2,4,3,3,4
St. Julians 4 ,2,2,1,3,2,3,1,1,4
Ringland 3 ,2,2,3,2,2,4,2,1,3
Bettws (Newport) 6 ,2,3,2,1,2,3,1,3,4
Shaftesbury 2 ,2,2,2,2,2,2,3,1,4
Allt-yr-yn 6 ,2,2,2,2,4,4,2,1,1
Alway 5 ,2,1,3,2,1,4,1,1,3
Liswerry 4 ,2,2,3,3,2,4,2,1,1
Liswerry 6 ,2,3,3,4,3,1,1,1,3
Liswerry 7 ,2,3,3,3,2,5,1,1,4
Gaer 4 ,2,2,2,2,2,2,1,2,4
Gaer 6 ,2,2,2,2,2,2,1,1,2
Tredegar Park 1 ,2,2,3,3,2,4,1,1,5
Llanwern 1 ,3,4,3,4,3,1,1,1,4
Beechwood 4 ,3,3,3,3,2,4,1,1,3
Shaftesbury 3 ,3,3,4,4,3,4,2,1,2
Shaftesbury 4 ,3,3,4,4,2,3,3,1,1
Allt-yr-yn 4 ,3,3,2,3,5,4,1,1,2
Stow Hill 2 ,3,2,3,2,4,5,1,2,2
St. Julians 1 ,3,3,3,3,3,5,2,1,1
St. Julians 6 ,3,3,4,3,3,5,2,1,2
Alway 6 ,3,2,3,4,3,5,2,1,1
Beechwood 1 ,3,3,3,3,3,5,2,1,1
Beechwood 2 ,3,3,4,3,4,5,3,1,1
Liswerry 3 ,3,3,4,3,2,4,1,1,1
Rogerstone 6 ,3,3,3,3,3,5,3,2,4
Rogerstone 3 ,3,2,2,2,3,4,3,1,5
Gaer 1 ,3,3,3,4,3,3,2,2,5
Marshfield 4 ,3,5,4,3,5,1,2,1,5
Caerleon 1 ,4,4,4,4,5,5,2,1,3
Caerleon 3 ,4,4,4,5,5,4,1,1,4
Caerleon 4 ,4,4,3,4,4,5,2,2,5
Beechwood 5 ,4,4,4,4,4,4,3,1,3
Alway 1 ,4,5,4,4,3,5,3,1,5
Alway 3 ,4,4,4,4,4,5,3,1,3
Malpas 4 ,4,4,4,4,4,5,4,2,3
St. Julians 3 ,4,4,5,4,3,5,2,1,3
St. Julians 5 ,4,4,4,4,4,5,1,1,3
Rogerstone 4 ,4,3,4,3,4,4,3,1,4
Graig (Newport) 3 ,4,4,5,4,4,4,3,1,3
Gaer 3 ,4,4,4,3,3,5,4,2,5
Marshfield 3 ,4,4,4,4,5,4,3,1,5
Caerleon 2 ,5,5,5,5,5,5,4,1,5
Caerleon 5 ,5,5,5,5,5,5,4,1,5
Langstone 1 ,5,5,5,5,5,4,3,1,5
Langstone 2 ,5,5,5,5,5,1,4,2,5
Langstone 3 ,5,5,5,5,5,2,4,2,5
Malpas 1 ,5,5,5,5,4,4,4,1,5
Malpas 3 ,5,5,5,5,4,4,3,1,5
Malpas 5 ,5,5,5,4,4,5,3,2,5
Allt-yr-yn 1 ,5,5,5,5,5,4,3,2,5
Allt-yr-yn 3 ,5,5,5,5,5,5,5,2,4
Allt-yr-yn 5 ,5,5,4,5,5,5,3,1,4
Rogerstone 1 ,5,5,5,5,5,4,5,3,5
Rogerstone 2 ,5,5,5,5,5,5,4,1,5
Rogerstone 5 ,5,5,5,5,5,5,5,2,5
Graig (Newport) 1 ,5,5,4,4,5,4,3,2,5
Graig (Newport) 4 ,5,5,5,5,5,5,4,3,5
Graig (Newport) 2 ,5,5,5,5,5,4,3,1,5
Marshfield 2 ,5,5,5,5,5,2,2,1,5
Marshfield 5 ,5,5,5,5,4,4,2,1,5
